{
    "name": "root",
    "gauges": {
        "Player1.Policy.Entropy.mean": {
            "value": 0.679785966873169,
            "min": 0.5912719964981079,
            "max": 2.9271771907806396,
            "count": 300
        },
        "Player1.Policy.Entropy.sum": {
            "value": 6827.77001953125,
            "min": 5795.05712890625,
            "max": 30348.97265625,
            "count": 300
        },
        "Player1.Environment.LessonNumber.agent_start_x.mean": {
            "value": 0.0,
            "min": 0.0,
            "max": 0.0,
            "count": 300
        },
        "Player1.Environment.LessonNumber.agent_start_x.sum": {
            "value": 0.0,
            "min": 0.0,
            "max": 0.0,
            "count": 300
        },
        "Player1.Environment.LessonNumber.agent_start_z.mean": {
            "value": 0.0,
            "min": 0.0,
            "max": 0.0,
            "count": 300
        },
        "Player1.Environment.LessonNumber.agent_start_z.sum": {
            "value": 0.0,
            "min": 0.0,
            "max": 0.0,
            "count": 300
        },
        "Player1.Step.mean": {
            "value": 2999918.0,
            "min": 9984.0,
            "max": 2999918.0,
            "count": 300
        },
        "Player1.Step.sum": {
            "value": 2999918.0,
            "min": 9984.0,
            "max": 2999918.0,
            "count": 300
        },
        "Player1.Policy.ExtrinsicValueEstimate.mean": {
            "value": 18.925983428955078,
            "min": 1.1372517347335815,
            "max": 20.824289321899414,
            "count": 300
        },
        "Player1.Policy.ExtrinsicValueEstimate.sum": {
            "value": 1684.41259765625,
            "min": 88.70563507080078,
            "max": 1895.01025390625,
            "count": 300
        },
        "Player1.IsTraining.mean": {
            "value": 1.0,
            "min": 1.0,
            "max": 1.0,
            "count": 300
        },
        "Player1.IsTraining.sum": {
            "value": 1.0,
            "min": 1.0,
            "max": 1.0,
            "count": 300
        },
        "Player2.Policy.Entropy.mean": {
            "value": 1.090041995048523,
            "min": 1.045231580734253,
            "max": 2.953165054321289,
            "count": 300
        },
        "Player2.Policy.Entropy.sum": {
            "value": 10948.3818359375,
            "min": 10231.265625,
            "max": 30618.4140625,
            "count": 300
        },
        "Player2.Environment.LessonNumber.agent_start_x.mean": {
            "value": 0.0,
            "min": 0.0,
            "max": 0.0,
            "count": 300
        },
        "Player2.Environment.LessonNumber.agent_start_x.sum": {
            "value": 0.0,
            "min": 0.0,
            "max": 0.0,
            "count": 300
        },
        "Player2.Environment.LessonNumber.agent_start_z.mean": {
            "value": 0.0,
            "min": 0.0,
            "max": 0.0,
            "count": 300
        },
        "Player2.Environment.LessonNumber.agent_start_z.sum": {
            "value": 0.0,
            "min": 0.0,
            "max": 0.0,
            "count": 300
        },
        "Player2.Step.mean": {
            "value": 2999918.0,
            "min": 9984.0,
            "max": 2999918.0,
            "count": 300
        },
        "Player2.Step.sum": {
            "value": 2999918.0,
            "min": 9984.0,
            "max": 2999918.0,
            "count": 300
        },
        "Player2.Policy.ExtrinsicValueEstimate.mean": {
            "value": 138.9497833251953,
            "min": 4.3545074462890625,
            "max": 147.88131713867188,
            "count": 300
        },
        "Player2.Policy.ExtrinsicValueEstimate.sum": {
            "value": 12366.5302734375,
            "min": 339.6515808105469,
            "max": 12961.9453125,
            "count": 300
        },
        "Player2.IsTraining.mean": {
            "value": 1.0,
            "min": 1.0,
            "max": 1.0,
            "count": 300
        },
        "Player2.IsTraining.sum": {
            "value": 1.0,
            "min": 1.0,
            "max": 1.0,
            "count": 300
        },
        "Player1.Environment.EpisodeLength.mean": {
            "value": 415.6521739130435,
            "min": 290.3478260869565,
            "max": 1377.0,
            "count": 299
        },
        "Player1.Environment.EpisodeLength.sum": {
            "value": 9560.0,
            "min": 613.0,
            "max": 20655.0,
            "count": 299
        },
        "Player1.Environment.CumulativeReward.mean": {
            "value": 106.7295650135387,
            "min": 78.25636641875558,
            "max": 279.301473458608,
            "count": 299
        },
        "Player1.Environment.CumulativeReward.sum": {
            "value": 2348.0504302978516,
            "min": 105.6086311340332,
            "max": 4701.782600641251,
            "count": 299
        },
        "Player1.Policy.ExtrinsicReward.mean": {
            "value": 106.7295650135387,
            "min": 78.25636641875558,
            "max": 279.301473458608,
            "count": 299
        },
        "Player1.Policy.ExtrinsicReward.sum": {
            "value": 2348.0504302978516,
            "min": 105.6086311340332,
            "max": 4701.782600641251,
            "count": 299
        },
        "Player2.Environment.EpisodeLength.mean": {
            "value": 415.6521739130435,
            "min": 290.3478260869565,
            "max": 1377.0,
            "count": 299
        },
        "Player2.Environment.EpisodeLength.sum": {
            "value": 9560.0,
            "min": 613.0,
            "max": 20655.0,
            "count": 299
        },
        "Player2.Environment.CumulativeReward.mean": {
            "value": 624.3385857235302,
            "min": -16.40727525949478,
            "max": 1354.4119644641876,
            "count": 299
        },
        "Player2.Environment.CumulativeReward.sum": {
            "value": 13735.448885917664,
            "min": -16.40727525949478,
            "max": 27088.239289283752,
            "count": 299
        },
        "Player2.Policy.ExtrinsicReward.mean": {
            "value": 624.3385857235302,
            "min": -16.40727525949478,
            "max": 1354.4119644641876,
            "count": 299
        },
        "Player2.Policy.ExtrinsicReward.sum": {
            "value": 13735.448885917664,
            "min": -16.40727525949478,
            "max": 27088.239289283752,
            "count": 299
        },
        "Player1.Losses.PolicyLoss.mean": {
            "value": 0.03633995676257958,
            "min": 0.0289829697770377,
            "max": 0.04148328715236858,
            "count": 145
        },
        "Player1.Losses.PolicyLoss.sum": {
            "value": 0.03633995676257958,
            "min": 0.0289829697770377,
            "max": 0.04148328715236858,
            "count": 145
        },
        "Player1.Losses.ValueLoss.mean": {
            "value": 9.32016555070877,
            "min": 0.9886432861288389,
            "max": 14.690007456143697,
            "count": 145
        },
        "Player1.Losses.ValueLoss.sum": {
            "value": 9.32016555070877,
            "min": 0.9886432861288389,
            "max": 14.690007456143697,
            "count": 145
        },
        "Player1.Policy.LearningRate.mean": {
            "value": 1.97529934160001e-06,
            "min": 1.97529934160001e-06,
            "max": 0.00029792900069033326,
            "count": 145
        },
        "Player1.Policy.LearningRate.sum": {
            "value": 1.97529934160001e-06,
            "min": 1.97529934160001e-06,
            "max": 0.00029792900069033326,
            "count": 145
        },
        "Player1.Policy.Epsilon.mean": {
            "value": 0.10065839999999998,
            "min": 0.10065839999999998,
            "max": 0.1993096666666667,
            "count": 145
        },