{
    "name": "root",
    "gauges": {
        "Player2.Policy.Entropy.mean": {
            "value": 2.018216133117676,
            "min": 1.8959287405014038,
            "max": 2.958787202835083,
            "count": 80
        },
        "Player2.Policy.Entropy.sum": {
            "value": 20416.2734375,
            "min": 19196.04296875,
            "max": 40902.2734375,
            "count": 80
        },
        "Player2.Environment.LessonNumber.agent_start_x.mean": {
            "value": 0.0,
            "min": 0.0,
            "max": 0.0,
            "count": 80
        },
        "Player2.Environment.LessonNumber.agent_start_x.sum": {
            "value": 0.0,
            "min": 0.0,
            "max": 0.0,
            "count": 80
        },
        "Player2.Environment.LessonNumber.agent_start_z.mean": {
            "value": 0.0,
            "min": 0.0,
            "max": 0.0,
            "count": 80
        },
        "Player2.Environment.LessonNumber.agent_start_z.sum": {
            "value": 0.0,
            "min": 0.0,
            "max": 0.0,
            "count": 80
        },
        "Player2.Step.mean": {
            "value": 799982.0,
            "min": 9934.0,
            "max": 799982.0,
            "count": 80
        },
        "Player2.Step.sum": {
            "value": 799982.0,
            "min": 9934.0,
            "max": 799982.0,
            "count": 80
        },
        "Player2.Policy.ExtrinsicValueEstimate.mean": {
            "value": 201.37249755859375,
            "min": 2.7576327323913574,
            "max": 207.6707305908203,
            "count": 80
        },
        "Player2.Policy.ExtrinsicValueEstimate.sum": {
            "value": 16512.544921875,
            "min": 237.1564178466797,
            "max": 17652.01171875,
            "count": 80
        },
        "Player2.Environment.EpisodeLength.mean": {
            "value": 620.3333333333334,
            "min": 253.04166666666666,
            "max": 1028.6153846153845,
            "count": 80
        },
        "Player2.Environment.EpisodeLength.sum": {
            "value": 5583.0,
            "min": 716.0,
            "max": 16938.0,
            "count": 80
        },
        "Player2.Environment.CumulativeReward.mean": {
            "value": 1360.4028138054741,
            "min": 18.235552668571472,
            "max": 2162.763652948233,
            "count": 80
        },
        "Player2.Environment.CumulativeReward.sum": {
            "value": 12243.625324249268,
            "min": 36.471105337142944,
            "max": 31213.599361419678,
            "count": 80
        },
        "Player2.Policy.ExtrinsicReward.mean": {
            "value": 1360.4028138054741,
            "min": 18.235552668571472,
            "max": 2162.763652948233,
            "count": 80
        },
        "Player2.Policy.ExtrinsicReward.sum": {
            "value": 12243.625324249268,
            "min": 36.471105337142944,
            "max": 31213.599361419678,
            "count": 80
        },
        "Player2.IsTraining.mean": {
            "value": 1.0,
            "min": 1.0,
            "max": 1.0,
            "count": 80
        },
        "Player2.IsTraining.sum": {
            "value": 1.0,
            "min": 1.0,
            "max": 1.0,
            "count": 80
        },
        "Player1.Policy.Entropy.mean": {
            "value": 1.5845814943313599,
            "min": 1.4879406690597534,
            "max": 2.9527170658111572,
            "count": 80
        },
        "Player1.Policy.Entropy.sum": {
            "value": 16029.626953125,
            "min": 14730.6123046875,
            "max": 40818.359375,
            "count": 80
        },
        "Player1.Environment.LessonNumber.agent_start_x.mean": {
            "value": 0.0,
            "min": 0.0,
            "max": 0.0,
            "count": 80
        },
        "Player1.Environment.LessonNumber.agent_start_x.sum": {
            "value": 0.0,
            "min": 0.0,
            "max": 0.0,
            "count": 80
        },
        "Player1.Environment.LessonNumber.agent_start_z.mean": {
            "value": 0.0,
            "min": 0.0,
            "max": 0.0,
            "count": 80
        },
        "Player1.Environment.LessonNumber.agent_start_z.sum": {
            "value": 0.0,
            "min": 0.0,
            "max": 0.0,
            "count": 80
        },
        "Player1.Step.mean": {
            "value": 799982.0,
            "min": 9934.0,
            "max": 799982.0,
            "count": 80
        },
        "Player1.Step.sum": {
            "value": 799982.0,
            "min": 9934.0,
            "max": 799982.0,
            "count": 80
        },
        "Player1.Policy.ExtrinsicValueEstimate.mean": {
            "value": 17.107057571411133,
            "min": 3.616473913192749,
            "max": 18.342365264892578,
            "count": 80
        },
        "Player1.Policy.ExtrinsicValueEstimate.sum": {
            "value": 1402.7786865234375,
            "min": 282.0849609375,
            "max": 1559.10107421875,
            "count": 80
        },
        "Player1.Environment.EpisodeLength.mean": {
            "value": 620.3333333333334,
            "min": 253.04166666666666,
            "max": 1028.6153846153845,
            "count": 80
        },
        "Player1.Environment.EpisodeLength.sum": {
            "value": 5583.0,
            "min": 716.0,
            "max": 16938.0,
            "count": 80
        },
        "Player1.Environment.CumulativeReward.mean": {
            "value": 140.09813261032104,
            "min": 57.55593967437744,
            "max": 221.53572111863357,
            "count": 80
        },
        "Player1.Environment.CumulativeReward.sum": {
            "value": 1260.8831934928894,
            "min": 115.11187934875488,
            "max": 3920.979590654373,
            "count": 80
        },
        "Player1.Policy.ExtrinsicReward.mean": {
            "value": 140.09813261032104,
            "min": 57.55593967437744,
            "max": 221.53572111863357,
            "count": 80
        },
        "Player1.Policy.ExtrinsicReward.sum": {
            "value": 1260.8831934928894,
            "min": 115.11187934875488,
            "max": 3920.979590654373,
            "count": 80
        },
        "Player1.IsTraining.mean": {
            "value": 1.0,
            "min": 1.0,
            "max": 1.0,
            "count": 80
        },
        "Player1.IsTraining.sum": {
            "value": 1.0,
            "min": 1.0,
            "max": 1.0,
            "count": 80
        },
        "Player2.Losses.PolicyLoss.mean": {
            "value": 0.038325367336316654,
            "min": 0.030518146156100556,
            "max": 0.03860657629556954,
            "count": 38
        },
        "Player2.Losses.PolicyLoss.sum": {
            "value": 0.038325367336316654,
            "min": 0.030518146156100556,
            "max": 0.03860657629556954,
            "count": 38
        },
        "Player2.Losses.ValueLoss.mean": {
            "value": 521.4568340301514,
            "min": 3.9294877377423374,
            "max": 620.5797231038412,
            "count": 38
        },
        "Player2.Losses.ValueLoss.sum": {
            "value": 521.4568340301514,
            "min": 3.9294877377423374,
            "max": 620.5797231038412,
            "count": 38
        },
        "Player2.Policy.LearningRate.mean": {
            "value": 0.00022166552611150005,
            "min": 0.00022166552611150005,
            "max": 0.0002977238007587333,
            "count": 38
        },
        "Player2.Policy.LearningRate.sum": {
            "value": 0.00022166552611150005,
            "min": 0.00022166552611150005,
            "max": 0.0002977238007587333,
            "count": 38
        },
        "Player2.Policy.Epsilon.mean": {
            "value": 0.17388849999999995,
            "min": 0.17388849999999995,
            "max": 0.19924126666666672,
            "count": 38
        },