{
    "name": "root",
    "gauges": {
        "Player1.Policy.Entropy.mean": {
            "value": 0.69862961769104,
            "min": 0.6169323325157166,
            "max": 2.655442476272583,
            "count": 50
        },
        "Player1.Policy.Entropy.sum": {
            "value": 6952.76171875,
            "min": 6184.1298828125,
            "max": 26450.86328125,
            "count": 50
        },
        "Player1.Step.mean": {
            "value": 499944.0,
            "min": 9975.0,
            "max": 499944.0,
            "count": 50
        },
        "Player1.Step.sum": {
            "value": 499944.0,
            "min": 9975.0,
            "max": 499944.0,
            "count": 50
        },
        "Player1.Policy.ExtrinsicValueEstimate.mean": {
            "value": 5.009745121002197,
            "min": 4.730101585388184,
            "max": 45.82759475708008,
            "count": 50
        },
        "Player1.Policy.ExtrinsicValueEstimate.sum": {
            "value": 781.520263671875,
            "min": 742.6259765625,
            "max": 7194.93212890625,
            "count": 50
        },
        "Player1.Environment.EpisodeLength.mean": {
            "value": 2999.0,
            "min": 1530.8333333333333,
            "max": 2999.5,
            "count": 50
        },
        "Player1.Environment.EpisodeLength.sum": {
            "value": 11996.0,
            "min": 8997.0,
            "max": 12086.0,
            "count": 50
        },
        "Player1.Environment.CumulativeReward.mean": {
            "value": 148.95001339912415,
            "min": 68.19167193770409,
            "max": 148.95001339912415,
            "count": 50
        },
        "Player1.Environment.CumulativeReward.sum": {
            "value": 595.8000535964966,
            "min": 380.7500261068344,
            "max": 599.1500537395477,
            "count": 50
        },
        "Player1.Policy.ExtrinsicReward.mean": {
            "value": 148.95001339912415,
            "min": 68.19167193770409,
            "max": 148.95001339912415,
            "count": 50
        },
        "Player1.Policy.ExtrinsicReward.sum": {
            "value": 595.8000535964966,
            "min": 380.7500261068344,
            "max": 599.1500537395477,
            "count": 50
        },
        "Player1.IsTraining.mean": {
            "value": 1.0,
            "min": 1.0,
            "max": 1.0,
            "count": 50
        },
        "Player1.IsTraining.sum": {
            "value": 1.0,
            "min": 1.0,
            "max": 1.0,
            "count": 50
        },
        "Player2.Policy.Entropy.mean": {
            "value": 0.8435032963752747,
            "min": 0.7856642007827759,
            "max": 2.081523895263672,
            "count": 50
        },
        "Player2.Policy.Entropy.sum": {
            "value": 8394.544921875,
            "min": 7869.212890625,
            "max": 20867.27734375,
            "count": 50
        },
        "Player2.Step.mean": {
            "value": 499944.0,
            "min": 9975.0,
            "max": 499944.0,
            "count": 50
        },
        "Player2.Step.sum": {
            "value": 499944.0,
            "min": 9975.0,
            "max": 499944.0,
            "count": 50
        },
        "Player2.Policy.ExtrinsicValueEstimate.mean": {
            "value": 95.35252380371094,
            "min": -13.618142127990723,
            "max": 119.7734146118164,
            "count": 50
        },
        "Player2.Policy.ExtrinsicValueEstimate.sum": {
            "value": 14874.994140625,
            "min": -2151.66650390625,
            "max": 18804.42578125,
            "count": 50
        },
        "Player2.Environment.EpisodeLength.mean": {
            "value": 2999.0,
            "min": 1530.8333333333333,
            "max": 2999.5,
            "count": 50
        },
        "Player2.Environment.EpisodeLength.sum": {
            "value": 11996.0,
            "min": 8997.0,
            "max": 12086.0,
            "count": 50
        },
        "Player2.Environment.CumulativeReward.mean": {
            "value": 2999.2125005722046,
            "min": 549.2833324273428,
            "max": 3000.0,
            "count": 50
        },
        "Player2.Environment.CumulativeReward.sum": {
            "value": 11996.850002288818,
            "min": 3295.6999945640564,
            "max": 12083.850002288818,
            "count": 50
        },
        "Player2.Policy.ExtrinsicReward.mean": {
            "value": 2999.2125005722046,
            "min": 549.2833324273428,
            "max": 3000.0,
            "count": 50
        },
        "Player2.Policy.ExtrinsicReward.sum": {
            "value": 11996.850002288818,
            "min": 3295.6999945640564,
            "max": 12083.850002288818,
            "count": 50
        },
        "Player2.IsTraining.mean": {
            "value": 1.0,
            "min": 1.0,
            "max": 1.0,
            "count": 50
        },
        "Player2.IsTraining.sum": {
            "value": 1.0,
            "min": 1.0,
            "max": 1.0,
            "count": 50
        },
        "Player1.Losses.PolicyLoss.mean": {
            "value": 0.0263203277795886,
            "min": 0.016341728003074724,
            "max": 0.0339357353746891,
            "count": 48
        },
        "Player1.Losses.PolicyLoss.sum": {
            "value": 0.0263203277795886,
            "min": 0.016341728003074724,
            "max": 0.0339357353746891,
            "count": 48
        },
        "Player1.Losses.ValueLoss.mean": {
            "value": 0.12125754666825135,
            "min": 0.07979404929404457,
            "max": 460.97293014526366,
            "count": 48
        },
        "Player1.Losses.ValueLoss.sum": {
            "value": 0.12125754666825135,
            "min": 0.07979404929404457,
            "max": 460.97293014526366,
            "count": 48
        },
        "Player1.Policy.LearningRate.mean": {
            "value": 4.017698660799988e-06,
            "min": 4.017698660799988e-06,
            "max": 0.00029382300205899986,
            "count": 48
        },
        "Player1.Policy.LearningRate.sum": {
            "value": 4.017698660799988e-06,
            "min": 4.017698660799988e-06,
            "max": 0.00029382300205899986,
            "count": 48
        },
        "Player1.Policy.Epsilon.mean": {
            "value": 0.10133919999999999,
            "min": 0.10133919999999999,
            "max": 0.19794100000000003,
            "count": 48
        },
        "Player1.Policy.Epsilon.sum": {
            "value": 0.10133919999999999,
            "min": 0.10133919999999999,
            "max": 0.19794100000000003,
            "count": 48
        },
        "Player1.Policy.Beta.mean": {
            "value": 1.656207999999998e-05,
            "min": 1.656207999999998e-05,
            "max": 0.0004899108999999998,
            "count": 48
        },
        "Player1.Policy.Beta.sum": {
            "value": 1.656207999999998e-05,
            "min": 1.656207999999998e-05,
            "max": 0.0004899108999999998,
            "count": 48
        },
        "Player2.Losses.PolicyLoss.mean": {
            "value": 0.02316405939248701,
            "min": 0.01575485310362031,
            "max": 0.04731745594181121,
            "count": 48
        },
        "Player2.Losses.PolicyLoss.sum": {
            "value": 0.02316405939248701,
            "min": 0.01575485310362031,
            "max": 0.04731745594181121,
            "count": 48
        },
        "Player2.Losses.ValueLoss.mean": {
            "value": 28.957919883728028,
            "min": 12.629345273971557,
            "max": 291.15797907511393,
            "count": 48
        },
        "Player2.Losses.ValueLoss.sum": {
            "value": 28.957919883728028,
            "min": 12.629345273971557,
            "max": 291.15797907511393,
            "count": 48
        },