{
    "name": "root",
    "gauges": {
        "Player2.Policy.Entropy.mean": {
            "value": 1.3972288370132446,
            "min": 1.2312220335006714,
            "max": 2.9526610374450684,
            "count": 300
        },
        "Player2.Policy.Entropy.sum": {
            "value": 13706.8154296875,
            "min": 11214.1279296875,
            "max": 34014.65625,
            "count": 300
        },
        "Player2.Environment.LessonNumber.agent_start_x.mean": {
            "value": 0.0,
            "min": 0.0,
            "max": 0.0,
            "count": 300
        },
        "Player2.Environment.LessonNumber.agent_start_x.sum": {
            "value": 0.0,
            "min": 0.0,
            "max": 0.0,
            "count": 300
        },
        "Player2.Environment.LessonNumber.agent_start_z.mean": {
            "value": 0.0,
            "min": 0.0,
            "max": 0.0,
            "count": 300
        },
        "Player2.Environment.LessonNumber.agent_start_z.sum": {
            "value": 0.0,
            "min": 0.0,
            "max": 0.0,
            "count": 300
        },
        "Player2.Step.mean": {
            "value": 2999995.0,
            "min": 9984.0,
            "max": 2999995.0,
            "count": 300
        },
        "Player2.Step.sum": {
            "value": 2999995.0,
            "min": 9984.0,
            "max": 2999995.0,
            "count": 300
        },
        "Player2.Policy.ExtrinsicValueEstimate.mean": {
            "value": 163.6448516845703,
            "min": -9.056384086608887,
            "max": 179.74929809570312,
            "count": 300
        },
        "Player2.Policy.ExtrinsicValueEstimate.sum": {
            "value": 14073.45703125,
            "min": -706.39794921875,
            "max": 15997.6875,
            "count": 300
        },
        "Player2.IsTraining.mean": {
            "value": 1.0,
            "min": 1.0,
            "max": 1.0,
            "count": 300
        },
        "Player2.IsTraining.sum": {
            "value": 1.0,
            "min": 1.0,
            "max": 1.0,
            "count": 300
        },
        "Player1.Policy.Entropy.mean": {
            "value": 1.1785476207733154,
            "min": 1.0991522073745728,
            "max": 2.9748361110687256,
            "count": 300
        },
        "Player1.Policy.Entropy.sum": {
            "value": 11561.552734375,
            "min": 10459.6982421875,
            "max": 34270.11328125,
            "count": 300
        },
        "Player1.Environment.LessonNumber.agent_start_x.mean": {
            "value": 0.0,
            "min": 0.0,
            "max": 0.0,
            "count": 300
        },
        "Player1.Environment.LessonNumber.agent_start_x.sum": {
            "value": 0.0,
            "min": 0.0,
            "max": 0.0,
            "count": 300
        },
        "Player1.Environment.LessonNumber.agent_start_z.mean": {
            "value": 0.0,
            "min": 0.0,
            "max": 0.0,
            "count": 300
        },
        "Player1.Environment.LessonNumber.agent_start_z.sum": {
            "value": 0.0,
            "min": 0.0,
            "max": 0.0,
            "count": 300
        },
        "Player1.Step.mean": {
            "value": 2999995.0,
            "min": 9984.0,
            "max": 2999995.0,
            "count": 300
        },
        "Player1.Step.sum": {
            "value": 2999995.0,
            "min": 9984.0,
            "max": 2999995.0,
            "count": 300
        },
        "Player1.Policy.ExtrinsicValueEstimate.mean": {
            "value": 32.473636627197266,
            "min": -1.0390138626098633,
            "max": 41.4040641784668,
            "count": 300
        },
        "Player1.Policy.ExtrinsicValueEstimate.sum": {
            "value": 2792.73291015625,
            "min": -81.04308319091797,
            "max": 3468.427978515625,
            "count": 300
        },
        "Player1.IsTraining.mean": {
            "value": 1.0,
            "min": 1.0,
            "max": 1.0,
            "count": 300
        },
        "Player1.IsTraining.sum": {
            "value": 1.0,
            "min": 1.0,
            "max": 1.0,
            "count": 300
        },
        "Player2.Losses.PolicyLoss.mean": {
            "value": 0.034587105000779654,
            "min": 0.028078416203303883,
            "max": 0.04277343014255166,
            "count": 145
        },
        "Player2.Losses.PolicyLoss.sum": {
            "value": 0.034587105000779654,
            "min": 0.028078416203303883,
            "max": 0.04277343014255166,
            "count": 145
        },
        "Player2.Losses.ValueLoss.mean": {
            "value": 582.8057861328125,
            "min": 2.0869225882744606,
            "max": 726.0875979105632,
            "count": 145
        },
        "Player2.Losses.ValueLoss.sum": {
            "value": 582.8057861328125,
            "min": 2.0869225882744606,
            "max": 726.0875979105632,
            "count": 145
        },
        "Player2.Policy.LearningRate.mean": {
            "value": 2.5309991566665884e-07,
            "min": 2.5309991566665884e-07,
            "max": 0.00029769600076799994,
            "count": 145
        },
        "Player2.Policy.LearningRate.sum": {
            "value": 2.5309991566665884e-07,
            "min": 2.5309991566665884e-07,
            "max": 0.00029769600076799994,
            "count": 145
        },
        "Player2.Policy.Epsilon.mean": {
            "value": 0.1000843333333333,
            "min": 0.1000843333333333,
            "max": 0.19923200000000008,
            "count": 145
        },
        "Player2.Policy.Epsilon.sum": {
            "value": 0.1000843333333333,
            "min": 0.1000843333333333,
            "max": 0.19923200000000008,
            "count": 145
        },
        "Player2.Policy.Beta.mean": {
            "value": 1.0075899999999998e-05,
            "min": 1.0075899999999998e-05,
            "max": 9.93088e-05,
            "count": 145
        },
        "Player2.Policy.Beta.sum": {
            "value": 1.0075899999999998e-05,
            "min": 1.0075899999999998e-05,
            "max": 9.93088e-05,
            "count": 145
        },
        "Player2.Environment.EpisodeLength.mean": {
            "value": 842.421052631579,
            "min": 318.38461538461536,
            "max": 2112.714285714286,
            "count": 298
        },
        "Player2.Environment.EpisodeLength.sum": {
            "value": 16006.0,
            "min": 1038.0,
            "max": 44367.0,
            "count": 298
        },
        "Player2.Environment.CumulativeReward.mean": {
            "value": 1655.1198648151599,
            "min": 6.738150119781494,
            "max": 2785.8811095555625,
            "count": 298
        },
        "Player2.Environment.CumulativeReward.sum": {
            "value": 31447.277431488037,
            "min": 20.214450359344482,
            "max": 38633.14734363556,
            "count": 298
        },
        "Player2.Policy.ExtrinsicReward.mean": {
            "value": 1655.1198648151599,
            "min": 6.738150119781494,
            "max": 2785.8811095555625,
            "count": 298
        },
        "Player2.Policy.ExtrinsicReward.sum": {
            "value": 31447.277431488037,
            "min": 20.214450359344482,
            "max": 38633.14734363556,
            "count": 298
        },
        "Player1.Losses.PolicyLoss.mean": {
            "value": 0.03218040284506666,
            "min": 0.028984010852097224,
            "max": 0.041099572542589155,
            "count": 145
        },
        "Player1.Losses.PolicyLoss.sum": {
            "value": 0.03218040284506666,
            "min": 0.028984010852097224,
            "max": 0.041099572542589155,
            "count": 145
        },
        "Player1.Losses.ValueLoss.mean": {
            "value": 16.29560582637787,
            "min": 4.7790947251849705,
            "max": 33.53464352289836,