{
    "name": "root",
    "gauges": {
        "Player2.Policy.Entropy.mean": {
            "value": 1.1445790529251099,
            "min": 1.0729652643203735,
            "max": 2.9712982177734375,
            "count": 300
        },
        "Player2.Policy.Entropy.sum": {
            "value": 11073.802734375,
            "min": 10226.658203125,
            "max": 34229.35546875,
            "count": 300
        },
        "Player2.Environment.LessonNumber.agent_start_x.mean": {
            "value": 0.0,
            "min": 0.0,
            "max": 0.0,
            "count": 300
        },
        "Player2.Environment.LessonNumber.agent_start_x.sum": {
            "value": 0.0,
            "min": 0.0,
            "max": 0.0,
            "count": 300
        },
        "Player2.Environment.LessonNumber.agent_start_z.mean": {
            "value": 0.0,
            "min": 0.0,
            "max": 0.0,
            "count": 300
        },
        "Player2.Environment.LessonNumber.agent_start_z.sum": {
            "value": 0.0,
            "min": 0.0,
            "max": 0.0,
            "count": 300
        },
        "Player2.Step.mean": {
            "value": 2999939.0,
            "min": 9984.0,
            "max": 2999939.0,
            "count": 300
        },
        "Player2.Step.sum": {
            "value": 2999939.0,
            "min": 9984.0,
            "max": 2999939.0,
            "count": 300
        },
        "Player2.Policy.ExtrinsicValueEstimate.mean": {
            "value": 171.4617156982422,
            "min": 4.625254154205322,
            "max": 220.06900024414062,
            "count": 300
        },
        "Player2.Policy.ExtrinsicValueEstimate.sum": {
            "value": 14917.169921875,
            "min": 360.76983642578125,
            "max": 18705.865234375,
            "count": 300
        },
        "Player2.IsTraining.mean": {
            "value": 1.0,
            "min": 1.0,
            "max": 1.0,
            "count": 300
        },
        "Player2.IsTraining.sum": {
            "value": 1.0,
            "min": 1.0,
            "max": 1.0,
            "count": 300
        },
        "Player1.Policy.Entropy.mean": {
            "value": 0.9091693758964539,
            "min": 0.7926734089851379,
            "max": 2.9744365215301514,
            "count": 300
        },
        "Player1.Policy.Entropy.sum": {
            "value": 8796.2138671875,
            "min": 7455.09326171875,
            "max": 34265.5078125,
            "count": 300
        },
        "Player1.Environment.LessonNumber.agent_start_x.mean": {
            "value": 0.0,
            "min": 0.0,
            "max": 0.0,
            "count": 300
        },
        "Player1.Environment.LessonNumber.agent_start_x.sum": {
            "value": 0.0,
            "min": 0.0,
            "max": 0.0,
            "count": 300
        },
        "Player1.Environment.LessonNumber.agent_start_z.mean": {
            "value": 0.0,
            "min": 0.0,
            "max": 0.0,
            "count": 300
        },
        "Player1.Environment.LessonNumber.agent_start_z.sum": {
            "value": 0.0,
            "min": 0.0,
            "max": 0.0,
            "count": 300
        },
        "Player1.Step.mean": {
            "value": 2999939.0,
            "min": 9984.0,
            "max": 2999939.0,
            "count": 300
        },
        "Player1.Step.sum": {
            "value": 2999939.0,
            "min": 9984.0,
            "max": 2999939.0,
            "count": 300
        },
        "Player1.Policy.ExtrinsicValueEstimate.mean": {
            "value": 17.09793472290039,
            "min": -2.6593337059020996,
            "max": 20.960432052612305,
            "count": 300
        },
        "Player1.Policy.ExtrinsicValueEstimate.sum": {
            "value": 1487.520263671875,
            "min": -226.04336547851562,
            "max": 1718.75537109375,
            "count": 300
        },
        "Player1.IsTraining.mean": {
            "value": 1.0,
            "min": 1.0,
            "max": 1.0,
            "count": 300
        },
        "Player1.IsTraining.sum": {
            "value": 1.0,
            "min": 1.0,
            "max": 1.0,
            "count": 300
        },
        "Player2.Environment.EpisodeLength.mean": {
            "value": 925.625,
            "min": 251.5,
            "max": 2454.4,
            "count": 299
        },
        "Player2.Environment.EpisodeLength.sum": {
            "value": 14810.0,
            "min": 1006.0,
            "max": 22612.0,
            "count": 299
        },
        "Player2.Environment.CumulativeReward.mean": {
            "value": 1866.8597318530083,
            "min": -10.464311853051186,
            "max": 4866.617809295654,
            "count": 299
        },
        "Player2.Environment.CumulativeReward.sum": {
            "value": 29869.755709648132,
            "min": -125.57174223661423,
            "max": 40696.49057006836,
            "count": 299
        },
        "Player2.Policy.ExtrinsicReward.mean": {
            "value": 1866.8597318530083,
            "min": -10.464311853051186,
            "max": 4866.617809295654,
            "count": 299
        },
        "Player2.Policy.ExtrinsicReward.sum": {
            "value": 29869.755709648132,
            "min": -125.57174223661423,
            "max": 40696.49057006836,
            "count": 299
        },
        "Player1.Environment.EpisodeLength.mean": {
            "value": 925.625,
            "min": 251.5,
            "max": 2454.4,
            "count": 299
        },
        "Player1.Environment.EpisodeLength.sum": {
            "value": 14810.0,
            "min": 1006.0,
            "max": 22612.0,
            "count": 299
        },
        "Player1.Environment.CumulativeReward.mean": {
            "value": 205.43133452534676,
            "min": 54.433464310385965,
            "max": 537.7511092185974,
            "count": 299
        },
        "Player1.Environment.CumulativeReward.sum": {
            "value": 3286.901352405548,
            "min": 275.9538993835449,
            "max": 4286.113350391388,
            "count": 299
        },
        "Player1.Policy.ExtrinsicReward.mean": {
            "value": 205.43133452534676,
            "min": 54.433464310385965,
            "max": 537.7511092185974,
            "count": 299
        },
        "Player1.Policy.ExtrinsicReward.sum": {
            "value": 3286.901352405548,
            "min": 275.9538993835449,
            "max": 4286.113350391388,
            "count": 299
        },
        "Player2.Losses.PolicyLoss.mean": {
            "value": 0.035655380638005836,
            "min": 0.02861773920012638,
            "max": 0.03987541989966606,
            "count": 145
        },
        "Player2.Losses.PolicyLoss.sum": {
            "value": 0.035655380638005836,
            "min": 0.02861773920012638,
            "max": 0.03987541989966606,
            "count": 145
        },
        "Player2.Losses.ValueLoss.mean": {
            "value": 348.7568214416504,
            "min": 5.916845830281575,
            "max": 627.6617640177409,
            "count": 145
        },
        "Player2.Losses.ValueLoss.sum": {
            "value": 348.7568214416504,
            "min": 5.916845830281575,
            "max": 627.6617640177409,
            "count": 145
        },
        "Player2.Policy.LearningRate.mean": {
            "value": 1.4840995053333298e-06,
            "min": 1.4840995053333298e-06,
            "max": 0.00029777520074160006,
            "count": 145
        },
        "Player2.Policy.LearningRate.sum": {
            "value": 1.4840995053333298e-06,
            "min": 1.4840995053333298e-06,
            "max": 0.00029777520074160006,
            "count": 145
        },
        "Player2.Policy.Epsilon.mean": {
            "value": 0.10049466666666663,
            "min": 0.10049466666666663,
            "max": 0.19925839999999997,
            "count": 145
        },