{
    "name": "root",
    "gauges": {
        "Player1.Policy.Entropy.mean": {
            "value": 1.1953017711639404,
            "min": 1.0433729887008667,
            "max": 1.1993108987808228,
            "count": 5
        },
        "Player1.Policy.Entropy.sum": {
            "value": 12010.392578125,
            "min": 10483.8115234375,
            "max": 12010.392578125,
            "count": 5
        },
        "Player1.Step.mean": {
            "value": 49984.0,
            "min": 9984.0,
            "max": 49984.0,
            "count": 5
        },
        "Player1.Step.sum": {
            "value": 49984.0,
            "min": 9984.0,
            "max": 49984.0,
            "count": 5
        },
        "Player1.Policy.ExtrinsicValueEstimate.mean": {
            "value": 5.073323726654053,
            "min": 5.073323726654053,
            "max": 8.829841613769531,
            "count": 5
        },
        "Player1.Policy.ExtrinsicValueEstimate.sum": {
            "value": 796.5118408203125,
            "min": 796.5118408203125,
            "max": 1377.455322265625,
            "count": 5
        },
        "Player1.IsTraining.mean": {
            "value": 1.0,
            "min": 1.0,
            "max": 1.0,
            "count": 5
        },
        "Player1.IsTraining.sum": {
            "value": 1.0,
            "min": 1.0,
            "max": 1.0,
            "count": 5
        },
        "Player2.Policy.Entropy.mean": {
            "value": 1.3815025091171265,
            "min": 1.3549829721450806,
            "max": 1.4350444078445435,
            "count": 5
        },
        "Player2.Policy.Entropy.sum": {
            "value": 13881.3369140625,
            "min": 13528.1494140625,
            "max": 14327.4833984375,
            "count": 5
        },
        "Player2.Step.mean": {
            "value": 49984.0,
            "min": 9984.0,
            "max": 49984.0,
            "count": 5
        },
        "Player2.Step.sum": {
            "value": 49984.0,
            "min": 9984.0,
            "max": 49984.0,
            "count": 5
        },
        "Player2.Policy.ExtrinsicValueEstimate.mean": {
            "value": -7.570915699005127,
            "min": -13.240370750427246,
            "max": -7.570915699005127,
            "count": 5
        },
        "Player2.Policy.ExtrinsicValueEstimate.sum": {
            "value": -1188.6337890625,
            "min": -2065.497802734375,
            "max": -1188.6337890625,
            "count": 5
        },
        "Player2.IsTraining.mean": {
            "value": 1.0,
            "min": 1.0,
            "max": 1.0,
            "count": 5
        },
        "Player2.IsTraining.sum": {
            "value": 1.0,
            "min": 1.0,
            "max": 1.0,
            "count": 5
        },
        "Player1.Losses.PolicyLoss.mean": {
            "value": 0.02496802850315968,
            "min": 0.017364003323018552,
            "max": 0.03478510409283141,
            "count": 4
        },
        "Player1.Losses.PolicyLoss.sum": {
            "value": 0.02496802850315968,
            "min": 0.017364003323018552,
            "max": 0.03478510409283141,
            "count": 4
        },
        "Player1.Losses.ValueLoss.mean": {
            "value": 0.13100854357083638,
            "min": 0.13100854357083638,
            "max": 2.1286820908387503,
            "count": 4
        },
        "Player1.Losses.ValueLoss.sum": {
            "value": 0.13100854357083638,
            "min": 0.13100854357083638,
            "max": 2.1286820908387503,
            "count": 4
        },
        "Player1.Policy.LearningRate.mean": {
            "value": 0.00027527040824319997,
            "min": 0.00027527040824319997,
            "max": 0.0002938176020608,
            "count": 4
        },
        "Player1.Policy.LearningRate.sum": {
            "value": 0.00027527040824319997,
            "min": 0.00027527040824319997,
            "max": 0.0002938176020608,
            "count": 4
        },
        "Player1.Policy.Epsilon.mean": {
            "value": 0.19175680000000003,
            "min": 0.19175680000000003,
            "max": 0.1979392000000001,
            "count": 4
        },
        "Player1.Policy.Epsilon.sum": {
            "value": 0.19175680000000003,
            "min": 0.19175680000000003,
            "max": 0.1979392000000001,
            "count": 4
        },
        "Player1.Policy.Beta.mean": {
            "value": 0.0004596083200000001,
            "min": 0.0004596083200000001,
            "max": 0.00048990208,
            "count": 4
        },
        "Player1.Policy.Beta.sum": {
            "value": 0.0004596083200000001,
            "min": 0.0004596083200000001,
            "max": 0.00048990208,
            "count": 4
        },
        "Player2.Losses.PolicyLoss.mean": {
            "value": 0.01805960526301836,
            "min": 0.01805960526301836,
            "max": 0.02513262533272306,
            "count": 4
        },
        "Player2.Losses.PolicyLoss.sum": {
            "value": 0.01805960526301836,
            "min": 0.01805960526301836,
            "max": 0.02513262533272306,
            "count": 4
        },
        "Player2.Losses.ValueLoss.mean": {
            "value": 0.3731336345275243,
            "min": 0.3731336345275243,
            "max": 1.61715929210186,
            "count": 4
        },
        "Player2.Losses.ValueLoss.sum": {
            "value": 0.3731336345275243,
            "min": 0.3731336345275243,
            "max": 1.61715929210186,
            "count": 4
        },
        "Player2.Policy.LearningRate.mean": {
            "value": 0.00027527040824319997,
            "min": 0.00027527040824319997,
            "max": 0.0002938176020608,
            "count": 4
        },
        "Player2.Policy.LearningRate.sum": {
            "value": 0.00027527040824319997,
            "min": 0.00027527040824319997,
            "max": 0.0002938176020608,
            "count": 4
        },
        "Player2.Policy.Epsilon.mean": {
            "value": 0.19175680000000003,
            "min": 0.19175680000000003,
            "max": 0.1979392000000001,
            "count": 4
        },
        "Player2.Policy.Epsilon.sum": {
            "value": 0.19175680000000003,
            "min": 0.19175680000000003,
            "max": 0.1979392000000001,
            "count": 4
        },
        "Player2.Policy.Beta.mean": {
            "value": 0.0004596083200000001,
            "min": 0.0004596083200000001,
            "max": 0.00048990208,
            "count": 4
        },
        "Player2.Policy.Beta.sum": {
            "value": 0.0004596083200000001,
            "min": 0.0004596083200000001,
            "max": 0.00048990208,
            "count": 4
        }
    },
    "metadata": {
        "timer_format_version": "0.1.0",
        "start_time_seconds": "1749061470",
        "python_version": "3.10.6 (tags/v3.10.6:9c7b4bd, Aug  1 2022, 21:53:49) [MSC v.1932 64 bit (AMD64)]",
        "command_line_arguments": "C:\\Users\\user\\AppData\\Local\\Programs\\Python\\Python310\\Scripts\\mlagents-learn config/ppo_config.yaml --run-id=t1",
        "mlagents_version": "1.1.0",
        "mlagents_envs_version": "1.1.0",
        "communication_protocol_version": "1.5.0",
        "pytorch_version": "2.7.0+cpu",
        "numpy_version": "1.23.5",
        "end_time_seconds": "1749061766"
    },
    "total": 295.98242590000154,
    "count": 1,
    "self": 0.006106300003011711,
    "children": {
        "run_training.setup": {
            "total": 0.12496039999678032,
            "count": 1,
            "self": 0.12496039999678032
        },
        "TrainerController.start_learning": {
            "total": 295.85135920000175,
            "count": 1,
            "self": 0.8112892989447573,
            "children": {
                "TrainerController._reset_env": {
                    "total": 10.809635700003128,
                    "count": 1,