{
    "name": "root",
    "gauges": {
        "Player2.Policy.Entropy.mean": {
            "value": 1.3978838920593262,
            "min": 1.3219244480133057,
            "max": 2.972526788711548,
            "count": 300
        },
        "Player2.Policy.Entropy.sum": {
            "value": 14719.716796875,
            "min": 12506.580078125,
            "max": 34243.5078125,
            "count": 300
        },
        "Player2.Environment.LessonNumber.agent_start_x.mean": {
            "value": 0.0,
            "min": 0.0,
            "max": 0.0,
            "count": 300
        },
        "Player2.Environment.LessonNumber.agent_start_x.sum": {
            "value": 0.0,
            "min": 0.0,
            "max": 0.0,
            "count": 300
        },
        "Player2.Environment.LessonNumber.agent_start_z.mean": {
            "value": 0.0,
            "min": 0.0,
            "max": 0.0,
            "count": 300
        },
        "Player2.Environment.LessonNumber.agent_start_z.sum": {
            "value": 0.0,
            "min": 0.0,
            "max": 0.0,
            "count": 300
        },
        "Player2.Step.mean": {
            "value": 2999975.0,
            "min": 9984.0,
            "max": 2999975.0,
            "count": 300
        },
        "Player2.Step.sum": {
            "value": 2999975.0,
            "min": 9984.0,
            "max": 2999975.0,
            "count": 300
        },
        "Player2.Policy.ExtrinsicValueEstimate.mean": {
            "value": 229.46107482910156,
            "min": 0.40464508533477783,
            "max": 229.46107482910156,
            "count": 300
        },
        "Player2.Policy.ExtrinsicValueEstimate.sum": {
            "value": 19045.26953125,
            "min": 31.56231689453125,
            "max": 19160.40234375,
            "count": 300
        },
        "Player2.IsTraining.mean": {
            "value": 1.0,
            "min": 1.0,
            "max": 1.0,
            "count": 300
        },
        "Player2.IsTraining.sum": {
            "value": 1.0,
            "min": 1.0,
            "max": 1.0,
            "count": 300
        },
        "Player1.Policy.Entropy.mean": {
            "value": 1.5576101541519165,
            "min": 1.4435148239135742,
            "max": 2.972756862640381,
            "count": 300
        },
        "Player1.Policy.Entropy.sum": {
            "value": 16401.634765625,
            "min": 12842.9033203125,
            "max": 34246.16015625,
            "count": 300
        },
        "Player1.Environment.LessonNumber.agent_start_x.mean": {
            "value": 0.0,
            "min": 0.0,
            "max": 0.0,
            "count": 300
        },
        "Player1.Environment.LessonNumber.agent_start_x.sum": {
            "value": 0.0,
            "min": 0.0,
            "max": 0.0,
            "count": 300
        },
        "Player1.Environment.LessonNumber.agent_start_z.mean": {
            "value": 0.0,
            "min": 0.0,
            "max": 0.0,
            "count": 300
        },
        "Player1.Environment.LessonNumber.agent_start_z.sum": {
            "value": 0.0,
            "min": 0.0,
            "max": 0.0,
            "count": 300
        },
        "Player1.Step.mean": {
            "value": 2999975.0,
            "min": 9984.0,
            "max": 2999975.0,
            "count": 300
        },
        "Player1.Step.sum": {
            "value": 2999975.0,
            "min": 9984.0,
            "max": 2999975.0,
            "count": 300
        },
        "Player1.Policy.ExtrinsicValueEstimate.mean": {
            "value": 50.93561935424805,
            "min": -3.4326610565185547,
            "max": 55.65879440307617,
            "count": 300
        },
        "Player1.Policy.ExtrinsicValueEstimate.sum": {
            "value": 4227.65625,
            "min": -267.74755859375,
            "max": 4907.1416015625,
            "count": 300
        },
        "Player1.IsTraining.mean": {
            "value": 1.0,
            "min": 1.0,
            "max": 1.0,
            "count": 300
        },
        "Player1.IsTraining.sum": {
            "value": 1.0,
            "min": 1.0,
            "max": 1.0,
            "count": 300
        },
        "Player2.Losses.PolicyLoss.mean": {
            "value": 0.034042440607057266,
            "min": 0.02657841543550603,
            "max": 0.04053207828934925,
            "count": 145
        },
        "Player2.Losses.PolicyLoss.sum": {
            "value": 0.034042440607057266,
            "min": 0.02657841543550603,
            "max": 0.04053207828934925,
            "count": 145
        },
        "Player2.Losses.ValueLoss.mean": {
            "value": 487.55882670084634,
            "min": 3.2779933828296084,
            "max": 686.3270062764485,
            "count": 145
        },
        "Player2.Losses.ValueLoss.sum": {
            "value": 487.55882670084634,
            "min": 3.2779933828296084,
            "max": 686.3270062764485,
            "count": 145
        },
        "Player2.Policy.LearningRate.mean": {
            "value": 1.0256996581333376e-06,
            "min": 1.0256996581333376e-06,
            "max": 0.00029769600076799994,
            "count": 145
        },
        "Player2.Policy.LearningRate.sum": {
            "value": 1.0256996581333376e-06,
            "min": 1.0256996581333376e-06,
            "max": 0.00029769600076799994,
            "count": 145
        },
        "Player2.Policy.Epsilon.mean": {
            "value": 0.10034186666666667,
            "min": 0.10034186666666667,
            "max": 0.19923200000000008,
            "count": 145
        },
        "Player2.Policy.Epsilon.sum": {
            "value": 0.10034186666666667,
            "min": 0.10034186666666667,
            "max": 0.19923200000000008,
            "count": 145
        },
        "Player2.Policy.Beta.mean": {
            "value": 1.0307680000000002e-05,
            "min": 1.0307680000000002e-05,
            "max": 9.93088e-05,
            "count": 145
        },
        "Player2.Policy.Beta.sum": {
            "value": 1.0307680000000002e-05,
            "min": 1.0307680000000002e-05,
            "max": 9.93088e-05,
            "count": 145
        },
        "Player2.Environment.EpisodeLength.mean": {
            "value": 898.8181818181819,
            "min": 152.94545454545454,
            "max": 1264.909090909091,
            "count": 298
        },
        "Player2.Environment.EpisodeLength.sum": {
            "value": 9887.0,
            "min": 365.0,
            "max": 20812.0,
            "count": 298
        },
        "Player2.Environment.CumulativeReward.mean": {
            "value": 2182.95122978904,
            "min": 76.90323209762573,
            "max": 3090.772507985433,
            "count": 298
        },
        "Player2.Environment.CumulativeReward.sum": {
            "value": 24012.463527679443,
            "min": 82.93002510070801,
            "max": 48466.35270690918,
            "count": 298
        },
        "Player2.Policy.ExtrinsicReward.mean": {
            "value": 2182.95122978904,
            "min": 76.90323209762573,
            "max": 3090.772507985433,
            "count": 298
        },
        "Player2.Policy.ExtrinsicReward.sum": {
            "value": 24012.463527679443,
            "min": 82.93002510070801,
            "max": 48466.35270690918,
            "count": 298
        },
        "Player1.Losses.PolicyLoss.mean": {
            "value": 0.03611276514420751,
            "min": 0.02865490746141101,
            "max": 0.04009544480359182,
            "count": 145
        },
        "Player1.Losses.PolicyLoss.sum": {
            "value": 0.03611276514420751,
            "min": 0.02865490746141101,
            "max": 0.04009544480359182,
            "count": 145
        },
        "Player1.Losses.ValueLoss.mean": {
            "value": 43.69098889033,
            "min": 7.951609163573294,
            "max": 65.21039311091106,