{
    "name": "root",
    "metadata": {
        "timer_format_version": "0.1.0",
        "start_time_seconds": "1749269269",
        "python_version": "3.10.6 (tags/v3.10.6:9c7b4bd, Aug  1 2022, 21:53:49) [MSC v.1932 64 bit (AMD64)]",
        "command_line_arguments": "C:\\Users\\user\\AppData\\Local\\Programs\\Python\\Python310\\Scripts\\mlagents-learn config/ppo_config.yaml --run-id=J7_02",
        "mlagents_version": "1.1.0",
        "mlagents_envs_version": "1.1.0",
        "communication_protocol_version": "1.5.0",
        "pytorch_version": "2.7.0+cpu",
        "numpy_version": "1.23.5",
        "end_time_seconds": "1749269316"
    },
    "total": 46.98091139999997,
    "count": 1,
    "self": 0.007180399999015208,
    "children": {
        "run_training.setup": {
            "total": 0.16803080000045156,
            "count": 1,
            "self": 0.16803080000045156
        },
        "TrainerController.start_learning": {
            "total": 46.8057002000005,
            "count": 1,
            "self": 0.07582390001607564,
            "children": {
                "TrainerController._reset_env": {
                    "total": 17.254113099999813,
                    "count": 1,
                    "self": 17.254113099999813
                },
                "TrainerController.advance": {
                    "total": 29.235053699984746,
                    "count": 4778,
                    "self": 0.08306109997283784,
                    "children": {
                        "env_step": {
                            "total": 28.60144699999455,
                            "count": 4778,
                            "self": 18.727536900022642,
                            "children": {
                                "SubprocessEnvManager._take_step": {
                                    "total": 9.825151700009883,
                                    "count": 4778,
                                    "self": 0.336142800014386,
                                    "children": {
                                        "TorchPolicy.evaluate": {
                                            "total": 9.489008899995497,
                                            "count": 9556,
                                            "self": 9.489008899995497
                                        }
                                    }
                                },
                                "workers": {
                                    "total": 0.04875839996202558,
                                    "count": 4777,
                                    "self": 0.0,
                                    "children": {
                                        "worker_root": {
                                            "total": 31.864048399977037,
                                            "count": 4777,
                                            "is_parallel": true,
                                            "self": 17.394654499955323,
                                            "children": {
                                                "steps_from_proto": {
                                                    "total": 0.0022503000000142492,
                                                    "count": 2,
                                                    "is_parallel": true,
                                                    "self": 0.0006182999986776849,
                                                    "children": {
                                                        "_process_rank_one_or_two_observation": {
                                                            "total": 0.0016320000013365643,
                                                            "count": 4,
                                                            "is_parallel": true,
                                                            "self": 0.0016320000013365643
                                                        }
                                                    }
                                                },
                                                "UnityEnvironment.step": {
                                                    "total": 14.4671436000217,
                                                    "count": 4777,
                                                    "is_parallel": true,
                                                    "self": 0.3114332000641298,
                                                    "children": {
                                                        "UnityEnvironment._generate_step_input": {
                                                            "total": 0.28205559998696117,
                                                            "count": 4777,
                                                            "is_parallel": true,
                                                            "self": 0.28205559998696117
                                                        },
                                                        "communicator.exchange": {
                                                            "total": 12.527195300011044,
                                                            "count": 4777,
                                                            "is_parallel": true,
                                                            "self": 12.527195300011044
                                                        },
                                                        "steps_from_proto": {
                                                            "total": 1.3464594999595647,
                                                            "count": 9554,
                                                            "is_parallel": true,
                                                            "self": 0.9164223999468959,
                                                            "children": {
                                                                "_process_rank_one_or_two_observation": {
                                                                    "total": 0.4300371000126688,
                                                                    "count": 19108,
                                                                    "is_parallel": true,
                                                                    "self": 0.4300371000126688
                                                                }
                                                            }
                                                        }
                                                    }
                                                }
                                            }
                                        }
                                    }
                                }
                            }
                        },
                        "trainer_advance": {
                            "total": 0.5505456000173581,
                            "count": 9554,
                            "self": 0.11898740003834973,
                            "children": {
                                "process_trajectory": {
                                    "total": 0.43155819997900835,
                                    "count": 9554,
                                    "self": 0.43155819997900835
                                }
                            }
                        }
                    }
                },
                "trainer_threads": {
                    "total": 6.000000212225132e-07,
                    "count": 1,
                    "self": 6.000000212225132e-07
                },
                "TrainerController._save_models": {
                    "total": 0.24070889999984502,
                    "count": 1,
                    "self": 0.01688430000012886,