{"count":1,"self":151.0260864,"total":2058.1167663,"children":{"InitializeActuators":{"count":180,"self":0.011799299999999999,"total":0.011799299999999999,"children":null},"InitializeSensors":{"count":180,"self":0.0039843,"total":0.0039843,"children":null},"AgentSendState":{"count":33417,"self":20.2212544,"total":130.32719219999998,"children":{"CollectObservations":{"count":6015060,"self":28.5604256,"total":28.5604266,"children":null},"WriteActionMask":{"count":6015060,"self":3.9741456,"total":3.9741454,"children":null},"RequestDecision":{"count":6015060,"self":27.613968,"total":77.5713662,"children":{"AgentInfo.ToProto":{"count":6015060,"self":14.7979632,"total":49.957397199999996,"children":{"GenerateSensorData":{"count":6015060,"self":35.1594336,"total":35.159433899999996,"children":null}}}}}}},"DecideAction":{"count":33417,"self":1737.6968703999999,"total":1737.6969084999998,"children":null},"AgentAct":{"count":33417,"self":38.6614368,"total":38.668869,"children":{"AgentInfo.ToProto":{"count":330,"self":0.0019947,"total":0.0074316,"children":{"GenerateSensorData":{"count":330,"self":0.0054369,"total":0.0054369,"children":null}}}}},"AgentInfo.ToProto":{"count":20462,"self":0.1289023,"total":0.3809333,"children":{"GenerateSensorData":{"count":20462,"self":0.252031,"total":0.252031,"children":null}}}},"gauges":{"Player2.CumulativeReward":{"count":10396,"max":8610.826,"min":-16.6896725,"runningAverage":399.8401,"value":562.5394,"weightedAverage":1407.92859},"Player1.CumulativeReward":{"count":10396,"max":2425.978,"min":-0.8370502,"runningAverage":179.933456,"value":101.222404,"weightedAverage":343.537354}},"metadata":{"timer_format_version":"0.1.0","start_time_seconds":"1749398715","unity_version":"2023.2.20f1","command_line_arguments":"C:\\Program Files\\Unity\\Hub\\Editor\\2023.2.20f1\\Editor\\Unity.exe -projectpath D:\\Github\\AI_and_Game_Programming\\AI_Term -useHub -hubIPC -cloudEnvironment production","communication_protocol_version":"1.5.0","com.unity.ml-agents_version":"3.0.0","scene_name":"RL","end_time_seconds":"1749400773"}}