{"count":1,"self":373.8188288,"total":3727.2711909,"children":{"InitializeActuators":{"count":18,"self":0.002992,"total":0.002992,"children":null},"InitializeSensors":{"count":18,"self":0.0019947,"total":0.0019947,"children":null},"AgentSendState":{"count":333401,"self":20.802915199999997,"total":132.9366535,"children":{"CollectObservations":{"count":6001218,"self":26.6526224,"total":26.652622899999997,"children":null},"WriteActionMask":{"count":6001218,"self":4.0352516,"total":4.0352516,"children":null},"RequestDecision":{"count":6001218,"self":26.6523728,"total":81.44586369999999,"children":{"AgentInfo.ToProto":{"count":6001218,"self":15.6883024,"total":54.793491499999995,"children":{"GenerateSensorData":{"count":6001218,"self":39.1051904,"total":39.105189599999996,"children":null}}}}}}},"DecideAction":{"count":333401,"self":3182.3269888,"total":3182.32698,"children":null},"AgentAct":{"count":333401,"self":38.052704,"total":38.1827438,"children":{"AgentInfo.ToProto":{"count":5848,"self":0.044743399999999996,"total":0.1300403,"children":{"GenerateSensorData":{"count":5848,"self":0.0852969,"total":0.0852969,"children":null}}}}}},"gauges":{"Player2.CumulativeReward":{"count":2924,"max":8237.659,"min":-44.3085632,"runningAverage":1502.71985,"value":1379.3429,"weightedAverage":1338.08984},"Player1.CumulativeReward":{"count":2924,"max":980.171753,"min":-776.0991,"runningAverage":233.259186,"value":160.572433,"weightedAverage":133.257629}},"metadata":{"timer_format_version":"0.1.0","start_time_seconds":"1749311398","unity_version":"2023.2.20f1","command_line_arguments":"C:\\Program Files\\Unity\\Hub\\Editor\\2023.2.20f1\\Editor\\Unity.exe -projectpath D:\\Github\\AI_and_Game_Programming\\AI_Term -useHub -hubIPC -cloudEnvironment production","communication_protocol_version":"1.5.0","com.unity.ml-agents_version":"3.0.0","scene_name":"RL","end_time_seconds":"1749315125"}}