{"count":1,"self":146.6831616,"total":2117.6832455999997,"children":{"InitializeActuators":{"count":90,"self":0.0070078,"total":0.0070078,"children":null},"InitializeSensors":{"count":90,"self":0.0029647,"total":0.0029647,"children":null},"AgentSendState":{"count":66734,"self":18.97808,"total":123.1561821,"children":{"CollectObservations":{"count":6006060,"self":25.7891968,"total":25.789196999999998,"children":null},"WriteActionMask":{"count":6006060,"self":3.6946532,"total":3.6946532999999997,"children":null},"RequestDecision":{"count":6006060,"self":26.388392,"total":74.6942517,"children":{"AgentInfo.ToProto":{"count":6006060,"self":14.065968,"total":48.305859999999996,"children":{"GenerateSensorData":{"count":6006060,"self":34.239891199999995,"total":34.2398915,"children":null}}}}}}},"DecideAction":{"count":66734,"self":1811.4308096,"total":1811.430739,"children":null},"AgentAct":{"count":66734,"self":36.2474656,"total":36.275719699999996,"children":{"AgentInfo.ToProto":{"count":1822,"self":0.0079747999999999989,"total":0.028252799999999998,"children":{"GenerateSensorData":{"count":1822,"self":0.020277999999999997,"total":0.020277999999999997,"children":null}}}}},"AgentInfo.ToProto":{"count":6224,"self":0.044404099999999995,"total":0.1264725,"children":{"GenerateSensorData":{"count":6224,"self":0.0820684,"total":0.0820684,"children":null}}}},"gauges":{"Player2.CumulativeReward":{"count":4023,"max":7493.31445,"min":-45.0998,"runningAverage":1228.354,"value":440.6288,"weightedAverage":1179.13257},"Player1.CumulativeReward":{"count":4023,"max":840.4678,"min":-2.87122679,"runningAverage":165.125275,"value":224.92923,"weightedAverage":191.915253}},"metadata":{"timer_format_version":"0.1.0","start_time_seconds":"1749360718","unity_version":"2023.2.20f1","command_line_arguments":"C:\\Program Files\\Unity\\Hub\\Editor\\2023.2.20f1\\Editor\\Unity.exe -projectpath D:\\Github\\AI_and_Game_Programming\\AI_Term -useHub -hubIPC -cloudEnvironment production","communication_protocol_version":"1.5.0","com.unity.ml-agents_version":"3.0.0","scene_name":"RL","end_time_seconds":"1749362835"}}