{
    "name": "root",
    "gauges": {
        "Player1.Policy.Entropy.mean": {
            "value": 2.9094412326812744,
            "min": 2.723954677581787,
            "max": 2.9867162704467773,
            "count": 66
        },
        "Player1.Policy.Entropy.sum": {
            "value": 2979.267822265625,
            "min": 2476.87060546875,
            "max": 3243.122314453125,
            "count": 66
        },
        "Player1.Environment.LessonNumber.agent_start_x.mean": {
            "value": 0.0,
            "min": 0.0,
            "max": 0.0,
            "count": 66
        },
        "Player1.Environment.LessonNumber.agent_start_x.sum": {
            "value": 0.0,
            "min": 0.0,
            "max": 0.0,
            "count": 66
        },
        "Player1.Environment.LessonNumber.agent_start_z.mean": {
            "value": 0.0,
            "min": 0.0,
            "max": 0.0,
            "count": 66
        },
        "Player1.Environment.LessonNumber.agent_start_z.sum": {
            "value": 0.0,
            "min": 0.0,
            "max": 0.0,
            "count": 66
        },
        "Player1.Step.mean": {
            "value": 65925.0,
            "min": 896.0,
            "max": 65925.0,
            "count": 66
        },
        "Player1.Step.sum": {
            "value": 65925.0,
            "min": 896.0,
            "max": 65925.0,
            "count": 66
        },
        "Player1.Policy.ExtrinsicValueEstimate.mean": {
            "value": 9.512791633605957,
            "min": -21.173301696777344,
            "max": 9.512791633605957,
            "count": 66
        },
        "Player1.Policy.ExtrinsicValueEstimate.sum": {
            "value": 76.10233306884766,
            "min": -190.55972290039062,
            "max": 124.84147644042969,
            "count": 66
        },
        "Player1.IsTraining.mean": {
            "value": 1.0,
            "min": 1.0,
            "max": 1.0,
            "count": 66
        },
        "Player1.IsTraining.sum": {
            "value": 1.0,
            "min": 1.0,
            "max": 1.0,
            "count": 66
        },
        "Player2.Policy.Entropy.mean": {
            "value": 2.9396376609802246,
            "min": 2.8005805015563965,
            "max": 2.9920549392700195,
            "count": 66
        },
        "Player2.Policy.Entropy.sum": {
            "value": 3010.18896484375,
            "min": 2535.60498046875,
            "max": 3262.42041015625,
            "count": 66
        },
        "Player2.Environment.LessonNumber.agent_start_x.mean": {
            "value": 0.0,
            "min": 0.0,
            "max": 0.0,
            "count": 66
        },
        "Player2.Environment.LessonNumber.agent_start_x.sum": {
            "value": 0.0,
            "min": 0.0,
            "max": 0.0,
            "count": 66
        },
        "Player2.Environment.LessonNumber.agent_start_z.mean": {
            "value": 0.0,
            "min": 0.0,
            "max": 0.0,
            "count": 66
        },
        "Player2.Environment.LessonNumber.agent_start_z.sum": {
            "value": 0.0,
            "min": 0.0,
            "max": 0.0,
            "count": 66
        },
        "Player2.Step.mean": {
            "value": 65925.0,
            "min": 896.0,
            "max": 65925.0,
            "count": 66
        },
        "Player2.Step.sum": {
            "value": 65925.0,
            "min": 896.0,
            "max": 65925.0,
            "count": 66
        },
        "Player2.Policy.ExtrinsicValueEstimate.mean": {
            "value": 9.722696304321289,
            "min": -14.115854263305664,
            "max": 19.29088592529297,
            "count": 66
        },
        "Player2.Policy.ExtrinsicValueEstimate.sum": {
            "value": 77.78157043457031,
            "min": -102.9120101928711,
            "max": 301.6194763183594,
            "count": 66
        },
        "Player2.IsTraining.mean": {
            "value": 1.0,
            "min": 1.0,
            "max": 1.0,
            "count": 66
        },
        "Player2.IsTraining.sum": {
            "value": 1.0,
            "min": 1.0,
            "max": 1.0,
            "count": 66
        },
        "Player1.Environment.EpisodeLength.mean": {
            "value": 463.0,
            "min": 71.16666666666667,
            "max": 3000.0,
            "count": 39
        },
        "Player1.Environment.EpisodeLength.sum": {
            "value": 926.0,
            "min": 383.0,
            "max": 3320.0,
            "count": 39
        },
        "Player1.Environment.CumulativeReward.mean": {
            "value": 106.271231174469,
            "min": 16.64847012928554,
            "max": 777.2104578018188,
            "count": 39
        },
        "Player1.Environment.CumulativeReward.sum": {
            "value": 212.542462348938,
            "min": 116.53929090499878,
            "max": 831.244863986969,
            "count": 39
        },
        "Player1.Policy.ExtrinsicReward.mean": {
            "value": 106.271231174469,
            "min": 16.64847012928554,
            "max": 777.2104578018188,
            "count": 39
        },
        "Player1.Policy.ExtrinsicReward.sum": {
            "value": 212.542462348938,
            "min": 116.53929090499878,
            "max": 831.244863986969,
            "count": 39
        },
        "Player2.Environment.EpisodeLength.mean": {
            "value": 463.0,
            "min": 71.16666666666667,
            "max": 3000.0,
            "count": 39
        },
        "Player2.Environment.EpisodeLength.sum": {
            "value": 926.0,
            "min": 383.0,
            "max": 3320.0,
            "count": 39
        },
        "Player2.Environment.CumulativeReward.mean": {
            "value": 427.7405128479004,
            "min": -1216.902683019638,
            "max": 711.6370887756348,
            "count": 39
        },
        "Player2.Environment.CumulativeReward.sum": {
            "value": 855.4810256958008,
            "min": -1260.4721760749817,
            "max": 938.2631702423096,
            "count": 39
        },
        "Player2.Policy.ExtrinsicReward.mean": {
            "value": 427.7405128479004,
            "min": -1216.902683019638,
            "max": 711.6370887756348,
            "count": 39
        },
        "Player2.Policy.ExtrinsicReward.sum": {
            "value": 855.4810256958008,
            "min": -1260.4721760749817,
            "max": 938.2631702423096,
            "count": 39
        },
        "Player1.Losses.PolicyLoss.mean": {
            "value": 0.03926825756401134,
            "min": 0.0331729222360688,
            "max": 0.03926825756401134,
            "count": 3
        },
        "Player1.Losses.PolicyLoss.sum": {
            "value": 0.03926825756401134,
            "min": 0.0331729222360688,
            "max": 0.03926825756401134,
            "count": 3
        },
        "Player1.Losses.ValueLoss.mean": {
            "value": 2.2273003538449605,
            "min": 2.2273003538449605,
            "max": 3.992589243253072,
            "count": 3
        },
        "Player1.Losses.ValueLoss.sum": {
            "value": 2.2273003538449605,
            "min": 2.2273003538449605,
            "max": 3.992589243253072,
            "count": 3
        },
        "Player1.Policy.LearningRate.mean": {
            "value": 0.0003971133539106666,
            "min": 0.0003971133539106666,
            "max": 0.00046567500686500013,
            "count": 3
        },
        "Player1.Policy.LearningRate.sum": {
            "value": 0.0003971133539106666,
            "min": 0.0003971133539106666,
            "max": 0.00046567500686500013,
            "count": 3
        },
        "Player1.Policy.Epsilon.mean": {
            "value": 0.17942266666666665,
            "min": 0.17942266666666665,
            "max": 0.19313499999999997,
            "count": 3
        },