{
    "name": "root",
    "gauges": {
        "Player2.Policy.Entropy.mean": {
            "value": 2.405656099319458,
            "min": 2.405656099319458,
            "max": 2.5859055519104004,
            "count": 8
        },
        "Player2.Policy.Entropy.sum": {
            "value": 24056.560546875,
            "min": 24056.560546875,
            "max": 25993.744140625,
            "count": 8
        },
        "Player2.Step.mean": {
            "value": 79936.0,
            "min": 9971.0,
            "max": 79936.0,
            "count": 8
        },
        "Player2.Step.sum": {
            "value": 79936.0,
            "min": 9971.0,
            "max": 79936.0,
            "count": 8
        },
        "Player2.Policy.ExtrinsicValueEstimate.mean": {
            "value": 77.05035400390625,
            "min": -5.882988929748535,
            "max": 77.05035400390625,
            "count": 8
        },
        "Player2.Policy.ExtrinsicValueEstimate.sum": {
            "value": 12328.056640625,
            "min": -941.2781982421875,
            "max": 12328.056640625,
            "count": 8
        },
        "Player2.Environment.EpisodeLength.mean": {
            "value": 1249.0,
            "min": 1245.375,
            "max": 1286.5,
            "count": 8
        },
        "Player2.Environment.EpisodeLength.sum": {
            "value": 9992.0,
            "min": 8810.0,
            "max": 10292.0,
            "count": 8
        },
        "Player2.Environment.CumulativeReward.mean": {
            "value": 1935.2499508857727,
            "min": 1462.8624777793884,
            "max": 1935.2499508857727,
            "count": 8
        },
        "Player2.Environment.CumulativeReward.sum": {
            "value": 15481.999607086182,
            "min": 11514.14978981018,
            "max": 15481.999607086182,
            "count": 8
        },
        "Player2.Policy.ExtrinsicReward.mean": {
            "value": 1935.2499508857727,
            "min": 1462.8624777793884,
            "max": 1935.2499508857727,
            "count": 8
        },
        "Player2.Policy.ExtrinsicReward.sum": {
            "value": 15481.999607086182,
            "min": 11514.14978981018,
            "max": 15481.999607086182,
            "count": 8
        },
        "Player2.IsTraining.mean": {
            "value": 1.0,
            "min": 1.0,
            "max": 1.0,
            "count": 8
        },
        "Player2.IsTraining.sum": {
            "value": 1.0,
            "min": 1.0,
            "max": 1.0,
            "count": 8
        },
        "Player1.Policy.Entropy.mean": {
            "value": 1.5305759906768799,
            "min": 1.5305759906768799,
            "max": 1.7006629705429077,
            "count": 8
        },
        "Player1.Policy.Entropy.sum": {
            "value": 15305.759765625,
            "min": 15305.759765625,
            "max": 16987.6796875,
            "count": 8
        },
        "Player1.Step.mean": {
            "value": 79936.0,
            "min": 9971.0,
            "max": 79936.0,
            "count": 8
        },
        "Player1.Step.sum": {
            "value": 79936.0,
            "min": 9971.0,
            "max": 79936.0,
            "count": 8
        },
        "Player1.Policy.ExtrinsicValueEstimate.mean": {
            "value": 13.248318672180176,
            "min": 0.030195584520697594,
            "max": 13.248318672180176,
            "count": 8
        },
        "Player1.Policy.ExtrinsicValueEstimate.sum": {
            "value": 2119.73095703125,
            "min": 4.83129358291626,
            "max": 2119.73095703125,
            "count": 8
        },
        "Player1.Environment.EpisodeLength.mean": {
            "value": 1249.0,
            "min": 1245.375,
            "max": 1286.5,
            "count": 8
        },
        "Player1.Environment.EpisodeLength.sum": {
            "value": 9992.0,
            "min": 8810.0,
            "max": 10292.0,
            "count": 8
        },
        "Player1.Environment.CumulativeReward.mean": {
            "value": 415.8999956846237,
            "min": 46.00000079907477,
            "max": 415.8999956846237,
            "count": 8
        },
        "Player1.Environment.CumulativeReward.sum": {
            "value": 3327.1999654769897,
            "min": 368.00000639259815,
            "max": 3327.1999654769897,
            "count": 8
        },
        "Player1.Policy.ExtrinsicReward.mean": {
            "value": 415.8999956846237,
            "min": 46.00000079907477,
            "max": 415.8999956846237,
            "count": 8
        },
        "Player1.Policy.ExtrinsicReward.sum": {
            "value": 3327.1999654769897,
            "min": 368.00000639259815,
            "max": 3327.1999654769897,
            "count": 8
        },
        "Player1.IsTraining.mean": {
            "value": 1.0,
            "min": 1.0,
            "max": 1.0,
            "count": 8
        },
        "Player1.IsTraining.sum": {
            "value": 1.0,
            "min": 1.0,
            "max": 1.0,
            "count": 8
        },
        "Player2.Losses.PolicyLoss.mean": {
            "value": 0.026268484924609464,
            "min": 0.01963309192409118,
            "max": 0.029776333676030237,
            "count": 7
        },
        "Player2.Losses.PolicyLoss.sum": {
            "value": 0.026268484924609464,
            "min": 0.01963309192409118,
            "max": 0.029776333676030237,
            "count": 7
        },
        "Player2.Losses.ValueLoss.mean": {
            "value": 64.06410001118978,
            "min": 64.06410001118978,
            "max": 85.73823382059733,
            "count": 7
        },
        "Player2.Losses.ValueLoss.sum": {
            "value": 64.06410001118978,
            "min": 64.06410001118978,
            "max": 85.73823382059733,
            "count": 7
        },
        "Player2.Policy.LearningRate.mean": {
            "value": 0.00025684561438480005,
            "min": 0.00025684561438480005,
            "max": 0.00029382540205820005,
            "count": 7
        },
        "Player2.Policy.LearningRate.sum": {
            "value": 0.00025684561438480005,
            "min": 0.00025684561438480005,
            "max": 0.00029382540205820005,
            "count": 7
        },
        "Player2.Policy.Epsilon.mean": {
            "value": 0.1856152,
            "min": 0.1856152,
            "max": 0.19794179999999997,
            "count": 7
        },
        "Player2.Policy.Epsilon.sum": {
            "value": 0.1856152,
            "min": 0.1856152,
            "max": 0.19794179999999997,
            "count": 7
        },
        "Player2.Policy.Beta.mean": {
            "value": 0.0004295144800000001,
            "min": 0.0004295144800000001,
            "max": 0.0004899148199999999,
            "count": 7
        },
        "Player2.Policy.Beta.sum": {
            "value": 0.0004295144800000001,
            "min": 0.0004295144800000001,
            "max": 0.0004899148199999999,
            "count": 7
        },
        "Player1.Losses.PolicyLoss.mean": {
            "value": 0.02846131691088279,
            "min": 0.02130442064565917,
            "max": 0.03226329873626431,
            "count": 7
        },
        "Player1.Losses.PolicyLoss.sum": {
            "value": 0.02846131691088279,
            "min": 0.02130442064565917,
            "max": 0.03226329873626431,
            "count": 7
        },
        "Player1.Losses.ValueLoss.mean": {
            "value": 2.998734708627065,
            "min": 1.1833522021770477,
            "max": 2.998734708627065,
            "count": 7
        },
        "Player1.Losses.ValueLoss.sum": {
            "value": 2.998734708627065,
            "min": 1.1833522021770477,
            "max": 2.998734708627065,
            "count": 7
        },
        "Player1.Policy.LearningRate.mean": {
            "value": 0.00025684561438480005,
            "min": 0.00025684561438480005,