{
    "name": "root",
    "gauges": {
        "Player2.Policy.Entropy.mean": {
            "value": 1.4870153665542603,
            "min": 1.3103525638580322,
            "max": 2.928774833679199,
            "count": 300
        },
        "Player2.Policy.Entropy.sum": {
            "value": 14708.0693359375,
            "min": 13196.560546875,
            "max": 30365.537109375,
            "count": 300
        },
        "Player2.Environment.LessonNumber.agent_start_x.mean": {
            "value": 0.0,
            "min": 0.0,
            "max": 0.0,
            "count": 300
        },
        "Player2.Environment.LessonNumber.agent_start_x.sum": {
            "value": 0.0,
            "min": 0.0,
            "max": 0.0,
            "count": 300
        },
        "Player2.Environment.LessonNumber.agent_start_z.mean": {
            "value": 0.0,
            "min": 0.0,
            "max": 0.0,
            "count": 300
        },
        "Player2.Environment.LessonNumber.agent_start_z.sum": {
            "value": 0.0,
            "min": 0.0,
            "max": 0.0,
            "count": 300
        },
        "Player2.Step.mean": {
            "value": 2999895.0,
            "min": 9903.0,
            "max": 2999895.0,
            "count": 300
        },
        "Player2.Step.sum": {
            "value": 2999895.0,
            "min": 9903.0,
            "max": 2999895.0,
            "count": 300
        },
        "Player2.Policy.ExtrinsicValueEstimate.mean": {
            "value": 174.99502563476562,
            "min": -1.641120433807373,
            "max": 209.82925415039062,
            "count": 300
        },
        "Player2.Policy.ExtrinsicValueEstimate.sum": {
            "value": 14524.5869140625,
            "min": -129.6485137939453,
            "max": 16996.169921875,
            "count": 300
        },
        "Player2.Environment.EpisodeLength.mean": {
            "value": 839.1111111111111,
            "min": 521.1875,
            "max": 1974.3333333333333,
            "count": 300
        },
        "Player2.Environment.EpisodeLength.sum": {
            "value": 7552.0,
            "min": 3813.0,
            "max": 19348.0,
            "count": 300
        },
        "Player2.Environment.CumulativeReward.mean": {
            "value": 1326.9892394807603,
            "min": 31.436574952168897,
            "max": 4330.269858598709,
            "count": 300
        },
        "Player2.Environment.CumulativeReward.sum": {
            "value": 11942.903155326843,
            "min": 345.8023244738579,
            "max": 39957.82195973396,
            "count": 300
        },
        "Player2.Policy.ExtrinsicReward.mean": {
            "value": 1326.9892394807603,
            "min": 31.436574952168897,
            "max": 4330.269858598709,
            "count": 300
        },
        "Player2.Policy.ExtrinsicReward.sum": {
            "value": 11942.903155326843,
            "min": 345.8023244738579,
            "max": 39957.82195973396,
            "count": 300
        },
        "Player2.IsTraining.mean": {
            "value": 1.0,
            "min": 1.0,
            "max": 1.0,
            "count": 300
        },
        "Player2.IsTraining.sum": {
            "value": 1.0,
            "min": 1.0,
            "max": 1.0,
            "count": 300
        },
        "Player1.Policy.Entropy.mean": {
            "value": 0.923994779586792,
            "min": 0.6743032336235046,
            "max": 2.9613120555877686,
            "count": 300
        },
        "Player1.Policy.Entropy.sum": {
            "value": 9139.232421875,
            "min": 6463.1962890625,
            "max": 30664.244140625,
            "count": 300
        },
        "Player1.Environment.LessonNumber.agent_start_x.mean": {
            "value": 0.0,
            "min": 0.0,
            "max": 0.0,
            "count": 300
        },
        "Player1.Environment.LessonNumber.agent_start_x.sum": {
            "value": 0.0,
            "min": 0.0,
            "max": 0.0,
            "count": 300
        },
        "Player1.Environment.LessonNumber.agent_start_z.mean": {
            "value": 0.0,
            "min": 0.0,
            "max": 0.0,
            "count": 300
        },
        "Player1.Environment.LessonNumber.agent_start_z.sum": {
            "value": 0.0,
            "min": 0.0,
            "max": 0.0,
            "count": 300
        },
        "Player1.Step.mean": {
            "value": 2999895.0,
            "min": 9903.0,
            "max": 2999895.0,
            "count": 300
        },
        "Player1.Step.sum": {
            "value": 2999895.0,
            "min": 9903.0,
            "max": 2999895.0,
            "count": 300
        },
        "Player1.Policy.ExtrinsicValueEstimate.mean": {
            "value": 6.26331090927124,
            "min": -20.90809440612793,
            "max": 26.598426818847656,
            "count": 300
        },
        "Player1.Policy.ExtrinsicValueEstimate.sum": {
            "value": 519.8547973632812,
            "min": -1693.5556640625,
            "max": 2234.267822265625,
            "count": 300
        },
        "Player1.Environment.EpisodeLength.mean": {
            "value": 839.1111111111111,
            "min": 521.1875,
            "max": 1974.3333333333333,
            "count": 300
        },
        "Player1.Environment.EpisodeLength.sum": {
            "value": 7552.0,
            "min": 3813.0,
            "max": 19348.0,
            "count": 300
        },
        "Player1.Environment.CumulativeReward.mean": {
            "value": 155.59883424970837,
            "min": -24.981436742676628,
            "max": 573.4112777709961,
            "count": 300
        },
        "Player1.Environment.CumulativeReward.sum": {
            "value": 1400.3895082473755,
            "min": -224.83293068408966,
            "max": 5655.1824914216995,
            "count": 300
        },
        "Player1.Policy.ExtrinsicReward.mean": {
            "value": 155.59883424970837,
            "min": -24.981436742676628,
            "max": 573.4112777709961,
            "count": 300
        },
        "Player1.Policy.ExtrinsicReward.sum": {
            "value": 1400.3895082473755,
            "min": -224.83293068408966,
            "max": 5655.1824914216995,
            "count": 300
        },
        "Player1.IsTraining.mean": {
            "value": 1.0,
            "min": 1.0,
            "max": 1.0,
            "count": 300
        },
        "Player1.IsTraining.sum": {
            "value": 1.0,
            "min": 1.0,
            "max": 1.0,
            "count": 300
        },
        "Player2.Losses.PolicyLoss.mean": {
            "value": 0.035640713048633185,
            "min": 0.028972346405498683,
            "max": 0.042082020291127266,
            "count": 145
        },
        "Player2.Losses.PolicyLoss.sum": {
            "value": 0.035640713048633185,
            "min": 0.028972346405498683,
            "max": 0.042082020291127266,
            "count": 145
        },
        "Player2.Losses.ValueLoss.mean": {
            "value": 334.249840927124,
            "min": 6.030778626600902,
            "max": 356.8581143697103,
            "count": 145
        },
        "Player2.Losses.ValueLoss.sum": {
            "value": 334.249840927124,
            "min": 6.030778626600902,
            "max": 356.8581143697103,
            "count": 145
        },
        "Player2.Policy.LearningRate.mean": {
            "value": 3.2614326810666705e-06,
            "min": 3.2614326810666705e-06,
            "max": 0.0004965445006911001,
            "count": 145
        },
        "Player2.Policy.LearningRate.sum": {
            "value": 3.2614326810666705e-06,
            "min": 3.2614326810666705e-06,
            "max": 0.0004965445006911001,
            "count": 145
        },
        "Player2.Policy.Epsilon.mean": {
            "value": 0.10000000000000002,
            "min": 0.10000000000000002,
            "max": 0.10000000000000002,