{
    "name": "root",
    "gauges": {
        "Player2.Policy.Entropy.mean": {
            "value": 1.3756709098815918,
            "min": 1.3756709098815918,
            "max": 1.388635277748108,
            "count": 2
        },
        "Player2.Policy.Entropy.sum": {
            "value": 13734.6982421875,
            "min": 13734.6982421875,
            "max": 13953.0068359375,
            "count": 2
        },
        "Player2.Step.mean": {
            "value": 19968.0,
            "min": 9984.0,
            "max": 19968.0,
            "count": 2
        },
        "Player2.Step.sum": {
            "value": 19968.0,
            "min": 9984.0,
            "max": 19968.0,
            "count": 2
        },
        "Player2.Policy.ExtrinsicValueEstimate.mean": {
            "value": 41.57762908935547,
            "min": 41.57762908935547,
            "max": 46.81292724609375,
            "count": 2
        },
        "Player2.Policy.ExtrinsicValueEstimate.sum": {
            "value": 6486.1103515625,
            "min": 6486.1103515625,
            "max": 7302.81689453125,
            "count": 2
        },
        "Player2.IsTraining.mean": {
            "value": 1.0,
            "min": 1.0,
            "max": 1.0,
            "count": 2
        },
        "Player2.IsTraining.sum": {
            "value": 1.0,
            "min": 1.0,
            "max": 1.0,
            "count": 2
        },
        "Player1.Policy.Entropy.mean": {
            "value": 1.954195499420166,
            "min": 1.9521540403366089,
            "max": 1.954195499420166,
            "count": 2
        },
        "Player1.Policy.Entropy.sum": {
            "value": 19510.6875,
            "min": 19510.6875,
            "max": 19615.244140625,
            "count": 2
        },
        "Player1.Step.mean": {
            "value": 19968.0,
            "min": 9984.0,
            "max": 19968.0,
            "count": 2
        },
        "Player1.Step.sum": {
            "value": 19968.0,
            "min": 9984.0,
            "max": 19968.0,
            "count": 2
        },
        "Player1.Policy.ExtrinsicValueEstimate.mean": {
            "value": 27.562068939208984,
            "min": 27.562068939208984,
            "max": 32.159400939941406,
            "count": 2
        },
        "Player1.Policy.ExtrinsicValueEstimate.sum": {
            "value": 4299.6826171875,
            "min": 4299.6826171875,
            "max": 5016.86669921875,
            "count": 2
        },
        "Player1.IsTraining.mean": {
            "value": 1.0,
            "min": 1.0,
            "max": 1.0,
            "count": 2
        },
        "Player1.IsTraining.sum": {
            "value": 1.0,
            "min": 1.0,
            "max": 1.0,
            "count": 2
        },
        "Player2.Losses.PolicyLoss.mean": {
            "value": 0.02032638816162944,
            "min": 0.02032638816162944,
            "max": 0.02032638816162944,
            "count": 1
        },
        "Player2.Losses.PolicyLoss.sum": {
            "value": 0.02032638816162944,
            "min": 0.02032638816162944,
            "max": 0.02032638816162944,
            "count": 1
        },
        "Player2.Losses.ValueLoss.mean": {
            "value": 7.819497307141622,
            "min": 7.819497307141622,
            "max": 7.819497307141622,
            "count": 1
        },
        "Player2.Losses.ValueLoss.sum": {
            "value": 7.819497307141622,
            "min": 7.819497307141622,
            "max": 7.819497307141622,
            "count": 1
        },
        "Player2.Policy.LearningRate.mean": {
            "value": 0.0002938176020608,
            "min": 0.0002938176020608,
            "max": 0.0002938176020608,
            "count": 1
        },
        "Player2.Policy.LearningRate.sum": {
            "value": 0.0002938176020608,
            "min": 0.0002938176020608,
            "max": 0.0002938176020608,
            "count": 1
        },
        "Player2.Policy.Epsilon.mean": {
            "value": 0.1979392000000001,
            "min": 0.1979392000000001,
            "max": 0.1979392000000001,
            "count": 1
        },
        "Player2.Policy.Epsilon.sum": {
            "value": 0.1979392000000001,
            "min": 0.1979392000000001,
            "max": 0.1979392000000001,
            "count": 1
        },
        "Player2.Policy.Beta.mean": {
            "value": 0.00048990208,
            "min": 0.00048990208,
            "max": 0.00048990208,
            "count": 1
        },
        "Player2.Policy.Beta.sum": {
            "value": 0.00048990208,
            "min": 0.00048990208,
            "max": 0.00048990208,
            "count": 1
        },
        "Player1.Losses.PolicyLoss.mean": {
            "value": 0.028663629371051987,
            "min": 0.028663629371051987,
            "max": 0.028663629371051987,
            "count": 1
        },
        "Player1.Losses.PolicyLoss.sum": {
            "value": 0.028663629371051987,
            "min": 0.028663629371051987,
            "max": 0.028663629371051987,
            "count": 1
        },
        "Player1.Losses.ValueLoss.mean": {
            "value": 4.198821687698365,
            "min": 4.198821687698365,
            "max": 4.198821687698365,
            "count": 1
        },
        "Player1.Losses.ValueLoss.sum": {
            "value": 4.198821687698365,
            "min": 4.198821687698365,
            "max": 4.198821687698365,
            "count": 1
        },
        "Player1.Policy.LearningRate.mean": {
            "value": 0.0002938176020608,
            "min": 0.0002938176020608,
            "max": 0.0002938176020608,
            "count": 1
        },
        "Player1.Policy.LearningRate.sum": {
            "value": 0.0002938176020608,
            "min": 0.0002938176020608,
            "max": 0.0002938176020608,
            "count": 1
        },
        "Player1.Policy.Epsilon.mean": {
            "value": 0.1979392000000001,
            "min": 0.1979392000000001,
            "max": 0.1979392000000001,
            "count": 1
        },
        "Player1.Policy.Epsilon.sum": {
            "value": 0.1979392000000001,
            "min": 0.1979392000000001,
            "max": 0.1979392000000001,
            "count": 1
        },
        "Player1.Policy.Beta.mean": {
            "value": 0.00048990208,
            "min": 0.00048990208,
            "max": 0.00048990208,
            "count": 1
        },
        "Player1.Policy.Beta.sum": {
            "value": 0.00048990208,
            "min": 0.00048990208,
            "max": 0.00048990208,
            "count": 1
        }
    },
    "metadata": {
        "timer_format_version": "0.1.0",
        "start_time_seconds": "1749060560",
        "python_version": "3.10.6 (tags/v3.10.6:9c7b4bd, Aug  1 2022, 21:53:49) [MSC v.1932 64 bit (AMD64)]",
        "command_line_arguments": "C:\\Users\\user\\AppData\\Local\\Programs\\Python\\Python310\\Scripts\\mlagents-learn config/ppo_config.yaml --run-id=dual-agent-run1",
        "mlagents_version": "1.1.0",
        "mlagents_envs_version": "1.1.0",
        "communication_protocol_version": "1.5.0",
        "pytorch_version": "2.7.0+cpu",
        "numpy_version": "1.23.5",
        "end_time_seconds": "1749060770"
    },
    "total": 210.2233464000019,
    "count": 1,
    "self": 0.006510100007290021,
    "children": {
        "run_training.setup": {
            "total": 0.12172709999867948,
            "count": 1,
            "self": 0.12172709999867948
        },
        "TrainerController.start_learning": {
            "total": 210.09510919999593,
            "count": 1,
            "self": 0.44281590069294907,
            "children": {
                "TrainerController._reset_env": {
                    "total": 50.74510430000373,
                    "count": 1,
                    "self": 50.74510430000373
                },
                "TrainerController.advance": {
                    "total": 158.75386499930028,