{
    "name": "root",
    "gauges": {
        "Player1.Policy.Entropy.mean": {
            "value": 2.4197466373443604,
            "min": 2.4197466373443604,
            "max": 2.5359368324279785,
            "count": 2
        },
        "Player1.Policy.Entropy.sum": {
            "value": 24238.6015625,
            "min": 24238.6015625,
            "max": 25481.09375,
            "count": 2
        },
        "Player1.Step.mean": {
            "value": 19947.0,
            "min": 9984.0,
            "max": 19947.0,
            "count": 2
        },
        "Player1.Step.sum": {
            "value": 19947.0,
            "min": 9984.0,
            "max": 19947.0,
            "count": 2
        },
        "Player1.Policy.ExtrinsicValueEstimate.mean": {
            "value": -20.65677833557129,
            "min": -20.65677833557129,
            "max": -18.90125846862793,
            "count": 2
        },
        "Player1.Policy.ExtrinsicValueEstimate.sum": {
            "value": -3222.45751953125,
            "min": -3222.45751953125,
            "max": -2948.59619140625,
            "count": 2
        },
        "Player1.IsTraining.mean": {
            "value": 1.0,
            "min": 1.0,
            "max": 1.0,
            "count": 2
        },
        "Player1.IsTraining.sum": {
            "value": 1.0,
            "min": 1.0,
            "max": 1.0,
            "count": 2
        },
        "Player2.Policy.Entropy.mean": {
            "value": 1.2691340446472168,
            "min": 1.2691340446472168,
            "max": 1.7496328353881836,
            "count": 2
        },
        "Player2.Policy.Entropy.sum": {
            "value": 12712.916015625,
            "min": 12712.916015625,
            "max": 17580.310546875,
            "count": 2
        },
        "Player2.Step.mean": {
            "value": 19947.0,
            "min": 9984.0,
            "max": 19947.0,
            "count": 2
        },
        "Player2.Step.sum": {
            "value": 19947.0,
            "min": 9984.0,
            "max": 19947.0,
            "count": 2
        },
        "Player2.Policy.ExtrinsicValueEstimate.mean": {
            "value": -16.58363914489746,
            "min": -16.58363914489746,
            "max": -13.376776695251465,
            "count": 2
        },
        "Player2.Policy.ExtrinsicValueEstimate.sum": {
            "value": -2587.047607421875,
            "min": -2587.047607421875,
            "max": -2086.777099609375,
            "count": 2
        },
        "Player2.IsTraining.mean": {
            "value": 1.0,
            "min": 1.0,
            "max": 1.0,
            "count": 2
        },
        "Player2.IsTraining.sum": {
            "value": 1.0,
            "min": 1.0,
            "max": 1.0,
            "count": 2
        },
        "Player1.Losses.PolicyLoss.mean": {
            "value": 0.0265920212569957,
            "min": 0.0265920212569957,
            "max": 0.0265920212569957,
            "count": 1
        },
        "Player1.Losses.PolicyLoss.sum": {
            "value": 0.0265920212569957,
            "min": 0.0265920212569957,
            "max": 0.0265920212569957,
            "count": 1
        },
        "Player1.Losses.ValueLoss.mean": {
            "value": 2.061599979797999,
            "min": 2.061599979797999,
            "max": 2.061599979797999,
            "count": 1
        },
        "Player1.Losses.ValueLoss.sum": {
            "value": 2.061599979797999,
            "min": 2.061599979797999,
            "max": 2.061599979797999,
            "count": 1
        },
        "Player1.Policy.LearningRate.mean": {
            "value": 0.0002938176020608,
            "min": 0.0002938176020608,
            "max": 0.0002938176020608,
            "count": 1
        },
        "Player1.Policy.LearningRate.sum": {
            "value": 0.0002938176020608,
            "min": 0.0002938176020608,
            "max": 0.0002938176020608,
            "count": 1
        },
        "Player1.Policy.Epsilon.mean": {
            "value": 0.1979392000000001,
            "min": 0.1979392000000001,
            "max": 0.1979392000000001,
            "count": 1
        },
        "Player1.Policy.Epsilon.sum": {
            "value": 0.1979392000000001,
            "min": 0.1979392000000001,
            "max": 0.1979392000000001,
            "count": 1
        },
        "Player1.Policy.Beta.mean": {
            "value": 0.00048990208,
            "min": 0.00048990208,
            "max": 0.00048990208,
            "count": 1
        },
        "Player1.Policy.Beta.sum": {
            "value": 0.00048990208,
            "min": 0.00048990208,
            "max": 0.00048990208,
            "count": 1
        },
        "Player1.Environment.EpisodeLength.mean": {
            "value": 3000.0,
            "min": 3000.0,
            "max": 3000.0,
            "count": 1
        },
        "Player1.Environment.EpisodeLength.sum": {
            "value": 9000.0,
            "min": 9000.0,
            "max": 9000.0,
            "count": 1
        },
        "Player1.Environment.CumulativeReward.mean": {
            "value": 284.01668723424274,
            "min": 284.01668723424274,
            "max": 284.01668723424274,
            "count": 1
        },
        "Player1.Environment.CumulativeReward.sum": {
            "value": 852.0500617027283,
            "min": 852.0500617027283,
            "max": 852.0500617027283,
            "count": 1
        },
        "Player1.Policy.ExtrinsicReward.mean": {
            "value": 284.01668723424274,
            "min": 284.01668723424274,
            "max": 284.01668723424274,
            "count": 1
        },
        "Player1.Policy.ExtrinsicReward.sum": {
            "value": 852.0500617027283,
            "min": 852.0500617027283,
            "max": 852.0500617027283,
            "count": 1
        },
        "Player2.Losses.PolicyLoss.mean": {
            "value": 0.02627819236367941,
            "min": 0.02627819236367941,
            "max": 0.02627819236367941,
            "count": 1
        },
        "Player2.Losses.PolicyLoss.sum": {
            "value": 0.02627819236367941,
            "min": 0.02627819236367941,
            "max": 0.02627819236367941,
            "count": 1
        },
        "Player2.Losses.ValueLoss.mean": {
            "value": 2.2830607930819196,
            "min": 2.2830607930819196,
            "max": 2.2830607930819196,
            "count": 1
        },
        "Player2.Losses.ValueLoss.sum": {
            "value": 2.2830607930819196,
            "min": 2.2830607930819196,
            "max": 2.2830607930819196,
            "count": 1
        },
        "Player2.Policy.LearningRate.mean": {
            "value": 0.0002938176020608,
            "min": 0.0002938176020608,
            "max": 0.0002938176020608,
            "count": 1
        },
        "Player2.Policy.LearningRate.sum": {
            "value": 0.0002938176020608,
            "min": 0.0002938176020608,
            "max": 0.0002938176020608,
            "count": 1
        },
        "Player2.Policy.Epsilon.mean": {
            "value": 0.1979392000000001,
            "min": 0.1979392000000001,
            "max": 0.1979392000000001,
            "count": 1
        },
        "Player2.Policy.Epsilon.sum": {
            "value": 0.1979392000000001,
            "min": 0.1979392000000001,
            "max": 0.1979392000000001,
            "count": 1
        },
        "Player2.Policy.Beta.mean": {
            "value": 0.00048990208,
            "min": 0.00048990208,
            "max": 0.00048990208,
            "count": 1
        },
        "Player2.Policy.Beta.sum": {
            "value": 0.00048990208,
            "min": 0.00048990208,
            "max": 0.00048990208,
            "count": 1
        },
        "Player2.Environment.EpisodeLength.mean": {
            "value": 3000.0,
            "min": 3000.0,
            "max": 3000.0,
            "count": 1
        },