{
    "name": "root",
    "gauges": {
        "Player1.Policy.Entropy.mean": {
            "value": 1.1694622039794922,
            "min": 1.00148606300354,
            "max": 2.926961898803711,
            "count": 300
        },
        "Player1.Policy.Entropy.sum": {
            "value": 11261.9208984375,
            "min": 9755.4423828125,
            "max": 33718.6015625,
            "count": 300
        },
        "Player1.Environment.LessonNumber.agent_start_x.mean": {
            "value": 0.0,
            "min": 0.0,
            "max": 0.0,
            "count": 300
        },
        "Player1.Environment.LessonNumber.agent_start_x.sum": {
            "value": 0.0,
            "min": 0.0,
            "max": 0.0,
            "count": 300
        },
        "Player1.Environment.LessonNumber.agent_start_z.mean": {
            "value": 0.0,
            "min": 0.0,
            "max": 0.0,
            "count": 300
        },
        "Player1.Environment.LessonNumber.agent_start_z.sum": {
            "value": 0.0,
            "min": 0.0,
            "max": 0.0,
            "count": 300
        },
        "Player1.Step.mean": {
            "value": 2999945.0,
            "min": 9984.0,
            "max": 2999945.0,
            "count": 300
        },
        "Player1.Step.sum": {
            "value": 2999945.0,
            "min": 9984.0,
            "max": 2999945.0,
            "count": 300
        },
        "Player1.Policy.ExtrinsicValueEstimate.mean": {
            "value": 50.62297058105469,
            "min": -1.0175652503967285,
            "max": 50.62297058105469,
            "count": 300
        },
        "Player1.Policy.ExtrinsicValueEstimate.sum": {
            "value": 4201.70654296875,
            "min": -79.37008666992188,
            "max": 4282.0380859375,
            "count": 300
        },
        "Player1.IsTraining.mean": {
            "value": 1.0,
            "min": 1.0,
            "max": 1.0,
            "count": 300
        },
        "Player1.IsTraining.sum": {
            "value": 1.0,
            "min": 1.0,
            "max": 1.0,
            "count": 300
        },
        "Player2.Policy.Entropy.mean": {
            "value": 1.3167705535888672,
            "min": 1.2749813795089722,
            "max": 2.985917091369629,
            "count": 300
        },
        "Player2.Policy.Entropy.sum": {
            "value": 12680.5009765625,
            "min": 12163.322265625,
            "max": 34397.765625,
            "count": 300
        },
        "Player2.Environment.LessonNumber.agent_start_x.mean": {
            "value": 0.0,
            "min": 0.0,
            "max": 0.0,
            "count": 300
        },
        "Player2.Environment.LessonNumber.agent_start_x.sum": {
            "value": 0.0,
            "min": 0.0,
            "max": 0.0,
            "count": 300
        },
        "Player2.Environment.LessonNumber.agent_start_z.mean": {
            "value": 0.0,
            "min": 0.0,
            "max": 0.0,
            "count": 300
        },
        "Player2.Environment.LessonNumber.agent_start_z.sum": {
            "value": 0.0,
            "min": 0.0,
            "max": 0.0,
            "count": 300
        },
        "Player2.Step.mean": {
            "value": 2999945.0,
            "min": 9984.0,
            "max": 2999945.0,
            "count": 300
        },
        "Player2.Step.sum": {
            "value": 2999945.0,
            "min": 9984.0,
            "max": 2999945.0,
            "count": 300
        },
        "Player2.Policy.ExtrinsicValueEstimate.mean": {
            "value": 209.4486846923828,
            "min": 5.384200096130371,
            "max": 240.78338623046875,
            "count": 300
        },
        "Player2.Policy.ExtrinsicValueEstimate.sum": {
            "value": 17384.240234375,
            "min": 419.9676208496094,
            "max": 20732.845703125,
            "count": 300
        },
        "Player2.IsTraining.mean": {
            "value": 1.0,
            "min": 1.0,
            "max": 1.0,
            "count": 300
        },
        "Player2.IsTraining.sum": {
            "value": 1.0,
            "min": 1.0,
            "max": 1.0,
            "count": 300
        },
        "Player1.Losses.PolicyLoss.mean": {
            "value": 0.036957428938088316,
            "min": 0.029206878843251616,
            "max": 0.041464251120729996,
            "count": 145
        },
        "Player1.Losses.PolicyLoss.sum": {
            "value": 0.036957428938088316,
            "min": 0.029206878843251616,
            "max": 0.041464251120729996,
            "count": 145
        },
        "Player1.Losses.ValueLoss.mean": {
            "value": 37.06678234736125,
            "min": 6.938498694808395,
            "max": 121.30410537719726,
            "count": 145
        },
        "Player1.Losses.ValueLoss.sum": {
            "value": 37.06678234736125,
            "min": 6.938498694808395,
            "max": 121.30410537719726,
            "count": 145
        },
        "Player1.Policy.LearningRate.mean": {
            "value": 6.403997865666712e-07,
            "min": 6.403997865666712e-07,
            "max": 0.00029769600076799994,
            "count": 145
        },
        "Player1.Policy.LearningRate.sum": {
            "value": 6.403997865666712e-07,
            "min": 6.403997865666712e-07,
            "max": 0.00029769600076799994,
            "count": 145
        },
        "Player1.Policy.Epsilon.mean": {
            "value": 0.10021343333333334,
            "min": 0.10021343333333334,
            "max": 0.19923200000000008,
            "count": 145
        },
        "Player1.Policy.Epsilon.sum": {
            "value": 0.10021343333333334,
            "min": 0.10021343333333334,
            "max": 0.19923200000000008,
            "count": 145
        },
        "Player1.Policy.Beta.mean": {
            "value": 1.0192090000000005e-05,
            "min": 1.0192090000000005e-05,
            "max": 9.93088e-05,
            "count": 145
        },
        "Player1.Policy.Beta.sum": {
            "value": 1.0192090000000005e-05,
            "min": 1.0192090000000005e-05,
            "max": 9.93088e-05,
            "count": 145
        },
        "Player1.Environment.EpisodeLength.mean": {
            "value": 740.5555555555555,
            "min": 299.0,
            "max": 1247.3636363636363,
            "count": 298
        },
        "Player1.Environment.EpisodeLength.sum": {
            "value": 6665.0,
            "min": 1794.0,
            "max": 20329.0,
            "count": 298
        },
        "Player1.Environment.CumulativeReward.mean": {
            "value": 443.2917266421848,
            "min": 122.79301802317302,
            "max": 701.929237018932,
            "count": 298
        },
        "Player1.Environment.CumulativeReward.sum": {
            "value": 3989.625539779663,
            "min": 736.7581081390381,
            "max": 12133.370630264282,
            "count": 298
        },
        "Player1.Policy.ExtrinsicReward.mean": {
            "value": 443.2917266421848,
            "min": 122.79301802317302,
            "max": 701.929237018932,
            "count": 298
        },
        "Player1.Policy.ExtrinsicReward.sum": {
            "value": 3989.625539779663,
            "min": 736.7581081390381,
            "max": 12133.370630264282,
            "count": 298
        },
        "Player2.Losses.PolicyLoss.mean": {
            "value": 0.03726133537905601,
            "min": 0.028814753854142814,
            "max": 0.042913481552386654,
            "count": 145
        },
        "Player2.Losses.PolicyLoss.sum": {
            "value": 0.03726133537905601,
            "min": 0.028814753854142814,
            "max": 0.042913481552386654,
            "count": 145
        },
        "Player2.Losses.ValueLoss.mean": {
            "value": 327.16497637430825,
            "min": 2.3569692647646345,
            "max": 753.6102409362793,