{
    "name": "root",
    "gauges": {
        "Player1.Policy.Entropy.mean": {
            "value": 2.227682590484619,
            "min": 2.227682590484619,
            "max": 2.3210785388946533,
            "count": 2
        },
        "Player1.Policy.Entropy.sum": {
            "value": 22383.755859375,
            "min": 22383.755859375,
            "max": 23243.28125,
            "count": 2
        },
        "Player1.Step.mean": {
            "value": 19997.0,
            "min": 9949.0,
            "max": 19997.0,
            "count": 2
        },
        "Player1.Step.sum": {
            "value": 19997.0,
            "min": 9949.0,
            "max": 19997.0,
            "count": 2
        },
        "Player1.Policy.ExtrinsicValueEstimate.mean": {
            "value": 20.770551681518555,
            "min": 16.07072639465332,
            "max": 20.770551681518555,
            "count": 2
        },
        "Player1.Policy.ExtrinsicValueEstimate.sum": {
            "value": 3260.9765625,
            "min": 2507.033447265625,
            "max": 3260.9765625,
            "count": 2
        },
        "Player1.Environment.EpisodeLength.mean": {
            "value": 284.0,
            "min": 284.0,
            "max": 284.0,
            "count": 1
        },
        "Player1.Environment.EpisodeLength.sum": {
            "value": 284.0,
            "min": 284.0,
            "max": 284.0,
            "count": 1
        },
        "Player1.Environment.CumulativeReward.mean": {
            "value": 156.15000516176224,
            "min": 156.15000516176224,
            "max": 156.15000516176224,
            "count": 1
        },
        "Player1.Environment.CumulativeReward.sum": {
            "value": 156.15000516176224,
            "min": 156.15000516176224,
            "max": 156.15000516176224,
            "count": 1
        },
        "Player1.Policy.ExtrinsicReward.mean": {
            "value": 156.15000516176224,
            "min": 156.15000516176224,
            "max": 156.15000516176224,
            "count": 1
        },
        "Player1.Policy.ExtrinsicReward.sum": {
            "value": 156.15000516176224,
            "min": 156.15000516176224,
            "max": 156.15000516176224,
            "count": 1
        },
        "Player1.IsTraining.mean": {
            "value": 1.0,
            "min": 1.0,
            "max": 1.0,
            "count": 2
        },
        "Player1.IsTraining.sum": {
            "value": 1.0,
            "min": 1.0,
            "max": 1.0,
            "count": 2
        },
        "Player2.Policy.Entropy.mean": {
            "value": 1.7885489463806152,
            "min": 1.7885489463806152,
            "max": 2.2806994915008545,
            "count": 2
        },
        "Player2.Policy.Entropy.sum": {
            "value": 17971.33984375,
            "min": 17971.33984375,
            "max": 22838.92578125,
            "count": 2
        },
        "Player2.Step.mean": {
            "value": 19997.0,
            "min": 9949.0,
            "max": 19997.0,
            "count": 2
        },
        "Player2.Step.sum": {
            "value": 19997.0,
            "min": 9949.0,
            "max": 19997.0,
            "count": 2
        },
        "Player2.Policy.ExtrinsicValueEstimate.mean": {
            "value": 37.873313903808594,
            "min": 28.224395751953125,
            "max": 37.873313903808594,
            "count": 2
        },
        "Player2.Policy.ExtrinsicValueEstimate.sum": {
            "value": 5946.1103515625,
            "min": 4403.005859375,
            "max": 5946.1103515625,
            "count": 2
        },
        "Player2.Environment.EpisodeLength.mean": {
            "value": 284.0,
            "min": 284.0,
            "max": 284.0,
            "count": 1
        },
        "Player2.Environment.EpisodeLength.sum": {
            "value": 284.0,
            "min": 284.0,
            "max": 284.0,
            "count": 1
        },
        "Player2.Environment.CumulativeReward.mean": {
            "value": 545.700032711029,
            "min": 545.700032711029,
            "max": 545.700032711029,
            "count": 1
        },
        "Player2.Environment.CumulativeReward.sum": {
            "value": 545.700032711029,
            "min": 545.700032711029,
            "max": 545.700032711029,
            "count": 1
        },
        "Player2.Policy.ExtrinsicReward.mean": {
            "value": 545.700032711029,
            "min": 545.700032711029,
            "max": 545.700032711029,
            "count": 1
        },
        "Player2.Policy.ExtrinsicReward.sum": {
            "value": 545.700032711029,
            "min": 545.700032711029,
            "max": 545.700032711029,
            "count": 1
        },
        "Player2.IsTraining.mean": {
            "value": 1.0,
            "min": 1.0,
            "max": 1.0,
            "count": 2
        },
        "Player2.IsTraining.sum": {
            "value": 1.0,
            "min": 1.0,
            "max": 1.0,
            "count": 2
        },
        "Player1.Losses.PolicyLoss.mean": {
            "value": 0.022525493579450995,
            "min": 0.022525493579450995,
            "max": 0.022525493579450995,
            "count": 1
        },
        "Player1.Losses.PolicyLoss.sum": {
            "value": 0.022525493579450995,
            "min": 0.022525493579450995,
            "max": 0.022525493579450995,
            "count": 1
        },
        "Player1.Losses.ValueLoss.mean": {
            "value": 1.2583905061086018,
            "min": 1.2583905061086018,
            "max": 1.2583905061086018,
            "count": 1
        },
        "Player1.Losses.ValueLoss.sum": {
            "value": 1.2583905061086018,
            "min": 1.2583905061086018,
            "max": 1.2583905061086018,
            "count": 1
        },
        "Player1.Policy.LearningRate.mean": {
            "value": 0.00029383860205380003,
            "min": 0.00029383860205380003,
            "max": 0.00029383860205380003,
            "count": 1
        },
        "Player1.Policy.LearningRate.sum": {
            "value": 0.00029383860205380003,
            "min": 0.00029383860205380003,
            "max": 0.00029383860205380003,
            "count": 1
        },
        "Player1.Policy.Epsilon.mean": {
            "value": 0.19794619999999993,
            "min": 0.19794619999999993,
            "max": 0.19794619999999993,
            "count": 1
        },
        "Player1.Policy.Epsilon.sum": {
            "value": 0.19794619999999993,
            "min": 0.19794619999999993,
            "max": 0.19794619999999993,
            "count": 1
        },
        "Player1.Policy.Beta.mean": {
            "value": 0.0004899363800000001,
            "min": 0.0004899363800000001,
            "max": 0.0004899363800000001,
            "count": 1
        },
        "Player1.Policy.Beta.sum": {
            "value": 0.0004899363800000001,
            "min": 0.0004899363800000001,
            "max": 0.0004899363800000001,
            "count": 1
        },
        "Player2.Losses.PolicyLoss.mean": {
            "value": 0.027466309210285544,
            "min": 0.027466309210285544,
            "max": 0.027466309210285544,
            "count": 1
        },
        "Player2.Losses.PolicyLoss.sum": {
            "value": 0.027466309210285544,
            "min": 0.027466309210285544,
            "max": 0.027466309210285544,
            "count": 1
        },
        "Player2.Losses.ValueLoss.mean": {
            "value": 2.9119709213574727,
            "min": 2.9119709213574727,
            "max": 2.9119709213574727,
            "count": 1
        },
        "Player2.Losses.ValueLoss.sum": {
            "value": 2.9119709213574727,
            "min": 2.9119709213574727,
            "max": 2.9119709213574727,
            "count": 1
        },
        "Player2.Policy.LearningRate.mean": {
            "value": 0.00029383860205380003,
            "min": 0.00029383860205380003,