{
    "name": "root",
    "gauges": {
        "Player2.Policy.Entropy.mean": {
            "value": 2.4908194541931152,
            "min": 2.2744410037994385,
            "max": 2.4908194541931152,
            "count": 8
        },
        "Player2.Policy.Entropy.sum": {
            "value": 124466.25,
            "min": 113838.046875,
            "max": 124466.25,
            "count": 8
        },
        "Player2.Step.mean": {
            "value": 399959.0,
            "min": 49987.0,
            "max": 399959.0,
            "count": 8
        },
        "Player2.Step.sum": {
            "value": 399959.0,
            "min": 49987.0,
            "max": 399959.0,
            "count": 8
        },
        "Player2.Policy.ExtrinsicValueEstimate.mean": {
            "value": 53.56468963623047,
            "min": 23.244047164916992,
            "max": 53.56468963623047,
            "count": 8
        },
        "Player2.Policy.ExtrinsicValueEstimate.sum": {
            "value": 42530.36328125,
            "min": 18502.26171875,
            "max": 42530.36328125,
            "count": 8
        },
        "Player2.Environment.EpisodeLength.mean": {
            "value": 1843.0714285714287,
            "min": 1696.2068965517242,
            "max": 1868.8461538461538,
            "count": 8
        },
        "Player2.Environment.EpisodeLength.sum": {
            "value": 51606.0,
            "min": 48590.0,
            "max": 51606.0,
            "count": 8
        },
        "Player2.Environment.CumulativeReward.mean": {
            "value": 1092.2055013797901,
            "min": 762.8189504393216,
            "max": 1105.824942964774,
            "count": 8
        },
        "Player2.Environment.CumulativeReward.sum": {
            "value": 29489.548537254333,
            "min": 22121.749562740326,
            "max": 30077.848471164703,
            "count": 8
        },
        "Player2.Policy.ExtrinsicReward.mean": {
            "value": 1092.2055013797901,
            "min": 762.8189504393216,
            "max": 1105.824942964774,
            "count": 8
        },
        "Player2.Policy.ExtrinsicReward.sum": {
            "value": 29489.548537254333,
            "min": 22121.749562740326,
            "max": 30077.848471164703,
            "count": 8
        },
        "Player2.Losses.PolicyLoss.mean": {
            "value": 0.025069612500374205,
            "min": 0.020623657361914714,
            "max": 0.025069612500374205,
            "count": 8
        },
        "Player2.Losses.PolicyLoss.sum": {
            "value": 0.10027845000149682,
            "min": 0.0961578852807482,
            "max": 0.12425457378849387,
            "count": 8
        },
        "Player2.Losses.ValueLoss.mean": {
            "value": 5.704887042442958,
            "min": 5.704887042442958,
            "max": 7.480427975654602,
            "count": 8
        },
        "Player2.Losses.ValueLoss.sum": {
            "value": 22.81954816977183,
            "min": 22.81954816977183,
            "max": 37.40213987827301,
            "count": 8
        },
        "Player2.Policy.LearningRate.mean": {
            "value": 7.503307498900002e-05,
            "min": 7.503307498900002e-05,
            "max": 0.00028461135512954994,
            "count": 8
        },
        "Player2.Policy.LearningRate.sum": {
            "value": 0.0003001322999560001,
            "min": 0.0003001322999560001,
            "max": 0.0012843504718832,
            "count": 8
        },
        "Player2.Policy.Epsilon.mean": {
            "value": 0.125011,
            "min": 0.125011,
            "max": 0.19487045000000003,
            "count": 8
        },
        "Player2.Policy.Epsilon.sum": {
            "value": 0.500044,
            "min": 0.500044,
            "max": 0.9281168000000002,
            "count": 8
        },
        "Player2.Policy.Beta.mean": {
            "value": 0.0012580488999999998,
            "min": 0.0012580488999999998,
            "max": 0.004744035455,
            "count": 8
        },
        "Player2.Policy.Beta.sum": {
            "value": 0.005032195599999999,
            "min": 0.005032195599999999,
            "max": 0.021413028320000006,
            "count": 8
        },
        "Player2.IsTraining.mean": {
            "value": 1.0,
            "min": 1.0,
            "max": 1.0,
            "count": 8
        },
        "Player2.IsTraining.sum": {
            "value": 1.0,
            "min": 1.0,
            "max": 1.0,
            "count": 8
        },
        "Player1.Policy.Entropy.mean": {
            "value": 1.9202982187271118,
            "min": 1.9202982187271118,
            "max": 2.22420334815979,
            "count": 8
        },
        "Player1.Policy.Entropy.sum": {
            "value": 95957.3046875,
            "min": 95957.3046875,
            "max": 111323.6015625,
            "count": 8
        },
        "Player1.Step.mean": {
            "value": 399959.0,
            "min": 49987.0,
            "max": 399959.0,
            "count": 8
        },
        "Player1.Step.sum": {
            "value": 399959.0,
            "min": 49987.0,
            "max": 399959.0,
            "count": 8
        },
        "Player1.Policy.ExtrinsicValueEstimate.mean": {
            "value": 8.64963150024414,
            "min": -20.1345157623291,
            "max": 8.64963150024414,
            "count": 8
        },
        "Player1.Policy.ExtrinsicValueEstimate.sum": {
            "value": 6867.8076171875,
            "min": -16027.0751953125,
            "max": 6867.8076171875,
            "count": 8
        },
        "Player1.Environment.EpisodeLength.mean": {
            "value": 1843.0714285714287,
            "min": 1696.2068965517242,
            "max": 1868.8461538461538,
            "count": 8
        },
        "Player1.Environment.EpisodeLength.sum": {
            "value": 51606.0,
            "min": 48590.0,
            "max": 51606.0,
            "count": 8
        },
        "Player1.Environment.CumulativeReward.mean": {
            "value": 188.0814985025812,
            "min": 81.9000024466679,
            "max": 188.0814985025812,
            "count": 8
        },
        "Player1.Environment.CumulativeReward.sum": {
            "value": 5078.200459569693,
            "min": 2375.100070953369,
            "max": 5078.200459569693,
            "count": 8
        },
        "Player1.Policy.ExtrinsicReward.mean": {
            "value": 188.0814985025812,
            "min": 81.9000024466679,
            "max": 188.0814985025812,
            "count": 8
        },
        "Player1.Policy.ExtrinsicReward.sum": {
            "value": 5078.200459569693,
            "min": 2375.100070953369,
            "max": 5078.200459569693,
            "count": 8
        },
        "Player1.Losses.PolicyLoss.mean": {
            "value": 0.02218369182664901,
            "min": 0.02218369182664901,
            "max": 0.02633226736759146,
            "count": 8
        },
        "Player1.Losses.PolicyLoss.sum": {
            "value": 0.08873476730659605,
            "min": 0.08873476730659605,
            "max": 0.1316613368379573,
            "count": 8
        },
        "Player1.Losses.ValueLoss.mean": {
            "value": 0.25361532891790073,
            "min": 0.25361532891790073,
            "max": 4.760752338171005,
            "count": 8
        },
        "Player1.Losses.ValueLoss.sum": {
            "value": 1.014461315671603,
            "min": 1.014461315671603,
            "max": 19.04300935268402,
            "count": 8
        },
        "Player1.Policy.LearningRate.mean": {
            "value": 7.503307498900002e-05,
            "min": 7.503307498900002e-05,
            "max": 0.00028461135512954994,
            "count": 8
        },
        "Player1.Policy.LearningRate.sum": {
            "value": 0.0003001322999560001,
            "min": 0.0003001322999560001,
            "max": 0.0012843504718832,
            "count": 8
        },